-- phpMyAdmin SQL Dump
-- version 5.2.1
-- https://www.phpmyadmin.net/
--
-- Host: localhost
-- Generation Time: Feb 18, 2024 at 11:55 AM
-- Server version: 10.4.32-MariaDB
-- PHP Version: 8.2.12

SET SQL_MODE = "NO_AUTO_VALUE_ON_ZERO";
START TRANSACTION;
SET time_zone = "+00:00";


/*!40101 SET @OLD_CHARACTER_SET_CLIENT=@@CHARACTER_SET_CLIENT */;
/*!40101 SET @OLD_CHARACTER_SET_RESULTS=@@CHARACTER_SET_RESULTS */;
/*!40101 SET @OLD_COLLATION_CONNECTION=@@COLLATION_CONNECTION */;
/*!40101 SET NAMES utf8mb4 */;

--
-- Database: `cpw_sql`
--

-- --------------------------------------------------------

--
-- Table structure for table `admin_message`
--

CREATE TABLE `admin_message` (
  `a_message_id` varchar(255) NOT NULL,
  `message` varchar(500) DEFAULT NULL,
  `userID` int(20) NOT NULL,
  `last_interact` datetime NOT NULL DEFAULT current_timestamp(),
  `c_id` varchar(255) NOT NULL
) ENGINE=InnoDB DEFAULT CHARSET=utf8 COLLATE=utf8_general_ci;

--
-- Dumping data for table `admin_message`
--

INSERT INTO `admin_message` (`a_message_id`, `message`, `userID`, `last_interact`, `c_id`) VALUES
('01110424-c5c9-11ee-bdbc-1c1bb5362338', 'ขอบคุณสำหรับคำแนะนำค่ะ ทางโรงเรียนชลประทานวิทยาจะดำเนินการแจ้งให้กับหน่วยงานที่เกี่ยวข้องได้รับทราบค่ะ', 9999, '2024-02-07 21:55:59', 'Ucf7ae53387c4320036661c31f24ee938'),
('05763ef0-c97d-11ee-a97d-1c1bb5362338', 'คุณต้องการติดต่อบริการด้านอะไร\n 1.ตารางเรียน\n 2.ตารางสอบ\n 3.หลักสูตร\n 4.ฟอร์มแบบคำร้องขอหลักฐานการศึกษา\n 5.อื่นๆ ติดต่อสอบถามเพิ่มเติม', 9999, '2024-02-12 15:02:09', 'Ucf7ae53387c4320036661c31f24ee938'),
('071fab3b-ce4b-11ee-86b1-1c1bb5362338', 'รอสักครู่ ฉันจะรีบติดต่อกลับไปให้เร็วที่สุดนะคะ / I’ll get back to you as soon as possible', 9999, '2024-02-18 17:46:53', 'U219d0075bc6246b5814302c158c160e2'),
('07a48941-c5c9-11ee-bdbc-1c1bb5362338', 'ขอบคุณสำหรับคำแนะนำค่ะ ทางโรงเรียนชลประทานวิทยาจะดำเนินการแจ้งให้กับหน่วยงานที่เกี่ยวข้องได้รับทราบค่ะ', 9999, '2024-02-07 21:56:10', 'Ucf7ae53387c4320036661c31f24ee938'),
('09748281-c982-11ee-a97d-1c1bb5362338', 'คุณต้องการติดต่อบริการด้านอะไร\n 1.ศูนย์ฝึกว่ายน้ำ\n  2.ระบบชำระเงิน\n 3.ประกาศผลการเรียน\n 4.ระบบรถรับ-ส่ง\n 5.ระบบโรงอาหารอื่นๆ\n 6.ติดต่อสอบถามเพิ่มเติม', 9999, '2024-02-12 15:38:03', 'Ucf7ae53387c4320036661c31f24ee938'),
('0d75712f-c5cb-11ee-bdbc-1c1bb5362338', 'คุณต้องการติดต่อบริการด้านอะไร\n 1.ตารางเรียน\n 2.ตารางสอบ\n 3.หลักสูตร\n 4.ฟอร์มแบบคำร้องขอหลักฐานการศึกษา\n 5.อื่นๆ ติดต่อสอบถามเพิ่มเติม', 9999, '2024-02-07 22:10:38', 'Ucf7ae53387c4320036661c31f24ee938'),
('0f5fe9ac-c5cb-11ee-bdbc-1c1bb5362338', 'คุณต้องการติดต่อบริการด้านอะไร\n 1.สมัครเรียน\n 2.สมัครบุคลากร\n 3.ค่าธรรมเนียมการศึกษา\n 4.อื่นๆ ติดต่อสอบถามเพิ่มเติม', 9999, '2024-02-07 22:10:42', 'Ucf7ae53387c4320036661c31f24ee938'),
('0f8dd6ff-cbd2-11ee-9820-1c1bb5362338', 'ขอบคุณสำหรับคำแนะนำค่ะ ทางโรงเรียนชลประทานวิทยาจะดำเนินการแจ้งให้กับหน่วยงานที่เกี่ยวข้องได้รับทราบค่ะ', 9999, '2024-02-15 14:15:55', 'Ucf7ae53387c4320036661c31f24ee938'),
('0fa49e64-cb06-11ee-b6cc-1c1bb5362338', 'ขอบคุณสำหรับคำแนะนำค่ะ ทางโรงเรียนชลประทานวิทยาจะดำเนินการแจ้งให้กับหน่วยงานที่เกี่ยวข้องได้รับทราบค่ะ', 9999, '2024-02-14 13:55:38', 'Ucf7ae53387c4320036661c31f24ee938'),
('1042b428-c5ac-11ee-a706-1c1bb5362338', 'คุณต้องการติดต่อบริการด้านอะไร\n 1.ศูนย์ฝึกว่ายน้ำ\n  2.ระบบชำระเงิน\n 3.ประกาศผลการเรียน\n 4.ระบบรถรับ-ส่ง\n 5.ระบบโรงอาหารอื่นๆ\n 6.ติดต่อสอบถามเพิ่มเติม', 9999, '2024-02-07 18:28:49', 'Ucf7ae53387c4320036661c31f24ee938'),
('105b0cab-c982-11ee-a97d-1c1bb5362338', 'คุณต้องการติดต่อบริการด้านอะไร\n 1.สมัครเรียน\n 2.สมัครบุคลากร\n 3.ค่าธรรมเนียมการศึกษา\n 4.อื่นๆ ติดต่อสอบถามเพิ่มเติม', 9999, '2024-02-12 15:38:15', 'Ucf7ae53387c4320036661c31f24ee938'),
('13af4e87-ca71-11ee-8e32-1c1bb5362338', 'ขอบคุณสำหรับคำแนะนำค่ะ ทางโรงเรียนชลประทานวิทยาจะดำเนินการแจ้งให้กับหน่วยงานที่เกี่ยวข้องได้รับทราบค่ะ', 9999, '2024-02-13 20:09:44', 'Ucf7ae53387c4320036661c31f24ee938'),
('13b900e1-c5c7-11ee-bdbc-1c1bb5362338', 'คุณต้องการติดต่อบริการด้านอะไร\n 1.ตารางเรียน\n 2.ตารางสอบ\n 3.หลักสูตร\n 4.ฟอร์มแบบคำร้องขอหลักฐานการศึกษา\n 5.อื่นๆ ติดต่อสอบถามเพิ่มเติม', 9999, '2024-02-07 21:42:11', 'Ucf7ae53387c4320036661c31f24ee938'),
('14300e68-c5c9-11ee-bdbc-1c1bb5362338', 'คุณต้องการติดต่อบริการด้านอะไร\n 1.สมัครเรียน\n 2.สมัครบุคลากร\n 3.ค่าธรรมเนียมการศึกษา\n 4.อื่นๆ ติดต่อสอบถามเพิ่มเติม', 9999, '2024-02-07 21:56:31', 'Ucf7ae53387c4320036661c31f24ee938'),
('164e94ac-ca60-11ee-8e32-1c1bb5362338', 'ขอบคุณสำหรับคำแนะนำค่ะ ทางโรงเรียนชลประทานวิทยาจะดำเนินการแจ้งให้กับหน่วยงานที่เกี่ยวข้องได้รับทราบค่ะ', 9999, '2024-02-13 18:08:07', 'U219d0075bc6246b5814302c158c160e2'),
('1acc13a6-c5ac-11ee-a706-1c1bb5362338', 'คุณต้องการติดต่อบริการด้านอะไร\n 1.ศูนย์ฝึกว่ายน้ำ\n  2.ระบบชำระเงิน\n 3.ประกาศผลการเรียน\n 4.ระบบรถรับ-ส่ง\n 5.ระบบโรงอาหารอื่นๆ\n 6.ติดต่อสอบถามเพิ่มเติม', 9999, '2024-02-07 18:29:06', 'Ucf7ae53387c4320036661c31f24ee938'),
('1ae942f6-ce4b-11ee-86b1-1c1bb5362338', 'คุณต้องการติดต่อบริการด้านอะไร 1.ตารางเรียน 2.ตารางสอบ 3.หลักสูตร 4.ฟอร์มแบบคำร้องขอหลักฐานการศึกษา 5.อื่นๆ ติดต่อสอบถามเพิ่มเติม', 9999, '2024-02-18 17:47:26', 'U219d0075bc6246b5814302c158c160e2'),
('1af3fdc8-ce4b-11ee-86b1-1c1bb5362338', 'คุณต้องการติดต่อบริการด้านอะไร 1.ศูนย์ฝึกว่ายน้ำ 2.ระบบชำระเงิน 3.ประกาศผลการเรียน 4.ระบบรถรับ-ส่ง 5.ระบบโรงอาหารอื่นๆ 6.ติดต่อสอบถามเพิ่มเติม', 9999, '2024-02-18 17:47:26', 'Ucf7ae53387c4320036661c31f24ee938'),
('1f1d0533-ca60-11ee-8e32-1c1bb5362338', 'คุณต้องการติดต่อบริการด้านอะไร\n 1.สมัครเรียน\n 2.สมัครบุคลากร\n 3.ค่าธรรมเนียมการศึกษา\n 4.อื่นๆ ติดต่อสอบถามเพิ่มเติม', 9999, '2024-02-13 18:08:22', 'U219d0075bc6246b5814302c158c160e2'),
('21c486d4-c4b4-11ee-8b48-1c1bb5362338', 'โรงเรียนชลประทานสวัสดีค่ะ ต้องการติดต่อด้านไหนคะ', 9999, '2024-02-06 12:54:03', 'U1141ccb03e163117769f66b855e5b0ef'),
('231526b4-ce40-11ee-86b1-1c1bb5362338', 'ขอบคุณสำหรับคำแนะนำค่ะ ทางโรงเรียนชลประทานวิทยาจะดำเนินการแจ้งให้กับหน่วยงานที่เกี่ยวข้องได้รับทราบค่ะ', 9999, '2024-02-18 16:28:55', 'U219d0075bc6246b5814302c158c160e2'),
('26f4953f-c982-11ee-a97d-1c1bb5362338', 'คุณต้องการติดต่อบริการด้านอะไร\n 1.ศูนย์ฝึกว่ายน้ำ\n  2.ระบบชำระเงิน\n 3.ประกาศผลการเรียน\n 4.ระบบรถรับ-ส่ง\n 5.ระบบโรงอาหารอื่นๆ\n 6.ติดต่อสอบถามเพิ่มเติม', 9999, '2024-02-12 15:38:53', 'Ucf7ae53387c4320036661c31f24ee938'),
('28085ae5-ca60-11ee-8e32-1c1bb5362338', 'คุณต้องการติดต่อบริการด้านอะไร\n 1.สมัครเรียน\n 2.สมัครบุคลากร\n 3.ค่าธรรมเนียมการศึกษา\n 4.อื่นๆ ติดต่อสอบถามเพิ่มเติม', 9999, '2024-02-13 18:08:37', 'U219d0075bc6246b5814302c158c160e2'),
('298171aa-c5c4-11ee-bdbc-1c1bb5362338', 'คุณต้องการติดต่อบริการด้านอะไร\n 1.สมัครเรียน\n 2.สมัครบุคลากร\n 3.ค่าธรรมเนียมการศึกษา\n 4.อื่นๆ ติดต่อสอบถามเพิ่มเติม', 9999, '2024-02-07 21:21:19', 'Ucf7ae53387c4320036661c31f24ee938'),
('2b0fb707-cb06-11ee-b6cc-1c1bb5362338', 'คุณต้องการติดต่อบริการด้านอะไร\n 1.สมัครเรียน\n 2.สมัครบุคลากร\n 3.ค่าธรรมเนียมการศึกษา\n 4.อื่นๆ ติดต่อสอบถามเพิ่มเติม', 9999, '2024-02-14 13:56:24', 'Ucf7ae53387c4320036661c31f24ee938'),
('2d95c0ef-cb04-11ee-b6cc-1c1bb5362338', 'คุณต้องการติดต่อบริการด้านอะไร\n 1.สมัครเรียน\n 2.สมัครบุคลากร\n 3.ค่าธรรมเนียมการศึกษา\n 4.อื่นๆ ติดต่อสอบถามเพิ่มเติม', 9999, '2024-02-14 13:42:10', 'Ucf7ae53387c4320036661c31f24ee938'),
('2dddf456-c5bd-11ee-bdbc-1c1bb5362338', 'คุณต้องการติดต่อบริการด้านอะไร\n 1.ศูนย์ฝึกว่ายน้ำ\n 2.ระบบชำระเงิน\n 3.ประกาศผลการเรียน\n 4.ระบบรถรับ-ส่ง\n 5.ระบบโรงอาหารอื่นๆ\n 6.ติดต่อสอบถามเพิ่มเติม', 9999, '2024-02-07 20:31:20', 'Ucf7ae53387c4320036661c31f24ee938'),
('2f969918-c5c9-11ee-bdbc-1c1bb5362338', 'ขอบคุณสำหรับคำแนะนำค่ะ ทางโรงเรียนชลประทานวิทยาจะดำเนินการแจ้งให้กับหน่วยงานที่เกี่ยวข้องได้รับทราบค่ะ', 9999, '2024-02-07 21:57:17', 'Ucf7ae53387c4320036661c31f24ee938'),
('312cdf8b-c5c4-11ee-bdbc-1c1bb5362338', 'คุณต้องการติดต่อบริการด้านอะไร\n 1.สมัครเรียน\n 2.สมัครบุคลากร\n 3.ค่าธรรมเนียมการศึกษา\n 4.อื่นๆ ติดต่อสอบถามเพิ่มเติม', 9999, '2024-02-07 21:21:32', 'Ucf7ae53387c4320036661c31f24ee938'),
('314cd1b6-c5c9-11ee-bdbc-1c1bb5362338', 'คุณต้องการติดต่อบริการด้านอะไร\n 1.สมัครเรียน\n 2.สมัครบุคลากร\n 3.ค่าธรรมเนียมการศึกษา\n 4.อื่นๆ ติดต่อสอบถามเพิ่มเติม', 9999, '2024-02-07 21:57:20', 'Ucf7ae53387c4320036661c31f24ee938'),
('372fcd0e-c4b4-11ee-8b48-1c1bb5362338', 'คุณต้องการติดต่อบริการด้านอะไร\n 1.สมัครเรียน\n 2.สมัครบุคลากร\n 3.ค่าธรรมเนียมการศึกษา\n 4.อื่นๆ ติดต่อสอบถามเพิ่มเติม', 9999, '2024-02-06 12:54:39', 'U1141ccb03e163117769f66b855e5b0ef'),
('376e909c-c5c7-11ee-bdbc-1c1bb5362338', 'คุณต้องการติดต่อบริการด้านอะไร\n 1.ตารางเรียน\n 2.ตารางสอบ\n 3.หลักสูตร\n 4.ฟอร์มแบบคำร้องขอหลักฐานการศึกษา\n 5.อื่นๆ ติดต่อสอบถามเพิ่มเติม', 9999, '2024-02-07 21:43:11', 'Ucf7ae53387c4320036661c31f24ee938'),
('37c10e08-ce41-11ee-86b1-1c1bb5362338', 'คุณต้องการติดต่อบริการด้านอะไร\n 1.สมัครเรียน\n 2.สมัครบุคลากร\n 3.ค่าธรรมเนียมการศึกษา\n 4.อื่นๆ ติดต่อสอบถามเพิ่มเติม', 9999, '2024-02-18 16:36:39', 'U219d0075bc6246b5814302c158c160e2'),
('38edd051-c5c4-11ee-bdbc-1c1bb5362338', 'คุณต้องการติดต่อบริการด้านอะไร\n 1.สมัครเรียน\n 2.สมัครบุคลากร\n 3.ค่าธรรมเนียมการศึกษา\n 4.อื่นๆ ติดต่อสอบถามเพิ่มเติม', 9999, '2024-02-07 21:21:45', 'Ucf7ae53387c4320036661c31f24ee938'),
('3c164794-c5c9-11ee-bdbc-1c1bb5362338', 'คุณต้องการติดต่อบริการด้านอะไร\n 1.ตารางเรียน\n 2.ตารางสอบ\n 3.หลักสูตร\n 4.ฟอร์มแบบคำร้องขอหลักฐานการศึกษา\n 5.อื่นๆ ติดต่อสอบถามเพิ่มเติม', 9999, '2024-02-07 21:57:38', 'Ucf7ae53387c4320036661c31f24ee938'),
('3cd7043a-ce45-11ee-86b1-1c1bb5362338', 'คุณต้องการติดต่อบริการด้านอะไร\n 1.สมัครเรียน\n 2.สมัครบุคลากร\n 3.ค่าธรรมเนียมการศึกษา\n 4.อื่นๆ ติดต่อสอบถามเพิ่มเติม', 9999, '2024-02-18 17:05:26', 'U219d0075bc6246b5814302c158c160e2'),
('3e8012d7-c97e-11ee-a97d-1c1bb5362338', 'คุณต้องการติดต่อบริการด้านอะไร\n 1.ตารางเรียน\n 2.ตารางสอบ\n 3.หลักสูตร\n 4.ฟอร์มแบบคำร้องขอหลักฐานการศึกษา\n 5.อื่นๆ ติดต่อสอบถามเพิ่มเติม', 9999, '2024-02-12 15:10:54', 'Ucf7ae53387c4320036661c31f24ee938'),
('3faea0d0-c5c9-11ee-bdbc-1c1bb5362338', 'คุณต้องการติดต่อบริการด้านอะไร\n 1.สมัครเรียน\n 2.สมัครบุคลากร\n 3.ค่าธรรมเนียมการศึกษา\n 4.อื่นๆ ติดต่อสอบถามเพิ่มเติม', 9999, '2024-02-07 21:57:44', 'Ucf7ae53387c4320036661c31f24ee938'),
('41bc67b0-cbdd-11ee-9820-1c1bb5362338', 'คุณต้องการติดต่อบริการด้านอะไร\n 1.ศูนย์ฝึกว่ายน้ำ\n  2.ระบบชำระเงิน\n 3.ประกาศผลการเรียน\n 4.ระบบรถรับ-ส่ง\n 5.ระบบโรงอาหารอื่นๆ\n 6.ติดต่อสอบถามเพิ่มเติม', 9999, '2024-02-15 15:36:57', 'Ucf7ae53387c4320036661c31f24ee938'),
('438def3a-ce40-11ee-86b1-1c1bb5362338', 'ขอบคุณสำหรับคำแนะนำค่ะ ทางโรงเรียนชลประทานวิทยาจะดำเนินการแจ้งให้กับหน่วยงานที่เกี่ยวข้องได้รับทราบค่ะ', 9999, '2024-02-18 16:29:50', 'U219d0075bc6246b5814302c158c160e2'),
('44f9f0a2-c5a3-11ee-a706-1c1bb5362338', 'คุณต้องการติดต่อบริการด้านอะไร\n 1.ตารางเรียน\n 2.ตารางสอบ\n 3.หลักสูตร\n 4.ฟอร์มแบบคำร้องขอหลักฐานการศึกษา\n 5.อื่นๆ ติดต่อสอบถามเพิ่มเติม', 9999, '2024-02-07 17:25:52', 'Ucf7ae53387c4320036661c31f24ee938'),
('451867d2-c5bd-11ee-bdbc-1c1bb5362338', 'คุณต้องการติดต่อบริการด้านอะไร\n 1.สมัครเรียน\n 2.สมัครบุคลากร\n 3.ค่าธรรมเนียมการศึกษา\n 4.อื่นๆ ติดต่อสอบถามเพิ่มเติม', 9999, '2024-02-07 20:31:59', 'Ucf7ae53387c4320036661c31f24ee938'),
('481fe41c-c4c5-11ee-8b48-1c1bb5362338', 'ขอบคุณสำหรับคำแนะนำค่ะ ทางโรงเรียนชลประทานวิทยาจะดำเนินการแจ้งให้กับหน่วยงานที่เกี่ยวข้องได้รับทราบค่ะ', 9999, '2024-02-06 15:36:57', 'Ucf7ae53387c4320036661c31f24ee938'),
('4d6bfe0f-cb06-11ee-b6cc-1c1bb5362338', 'ขอบคุณสำหรับคำแนะนำค่ะ ทางโรงเรียนชลประทานวิทยาจะดำเนินการแจ้งให้กับหน่วยงานที่เกี่ยวข้องได้รับทราบค่ะ', 9999, '2024-02-14 13:57:22', 'Ucf7ae53387c4320036661c31f24ee938'),
('4ec51b6d-c4c0-11ee-8b48-1c1bb5362338', 'คุณต้องการติดต่อบริการด้านอะไร\n 1.ศูนย์ฝึกว่ายน้ำ\n  2.ระบบชำระเงิน\n 3.ประกuijาศผลการเรียน\n 4.ระบบรถรับ-ส่ง\n 5.ระบบโรงอาหารอื่นๆ\n 6.ติดต่อสอบถามเพิ่มเติม', 9999, '2024-02-06 15:01:21', 'Ucf7ae53387c4320036661c31f24ee938'),
('501dc17d-c645-11ee-928f-1c1bb5362338', 'โรงเรียนชลประทานสวัสดีค่ะ ต้องการติดต่อด้านไหนคะ', 9999, '2024-02-08 12:45:49', 'Ucf7ae53387c4320036661c31f24ee938'),
('54f43cda-ce3e-11ee-86b1-1c1bb5362338', 'ขอบคุณสำหรับคำแนะนำค่ะ ทางโรงเรียนชลประทานวิทยาจะดำเนินการแจ้งให้กับหน่วยงานที่เกี่ยวข้องได้รับทราบค่ะ', 9999, '2024-02-18 16:16:00', 'U219d0075bc6246b5814302c158c160e2'),
('555c88f9-ca71-11ee-8e32-1c1bb5362338', 'ขอบคุณสำหรับคำแนะนำค่ะ ทางโรงเรียนชลประทานวิทยาจะดำเนินการแจ้งให้กับหน่วยงานที่เกี่ยวข้องได้รับทราบค่ะ', 9999, '2024-02-13 20:11:34', 'Ucf7ae53387c4320036661c31f24ee938'),
('5612e012-c401-11ee-bffe-1c1bb5362338', 'คุณต้องการติดต่อบริการด้านอะไร\n 1.ตารางเรียน\n 2.ตารางสอบ\n 3.หลักสูตร\n 4.ฟอร์มแบบคำร้องขอหลักฐานการศึกษา\n 5.อื่นๆ ติดต่อสอบถามเพิ่มเติม', 9999, '2024-02-05 15:34:11', 'Ucf7ae53387c4320036661c31f24ee938'),
('56d6ff22-c645-11ee-928f-1c1bb5362338', 'ขอบคุณสำหรับคำแนะนำค่ะ ทางโรงเรียนชลประทานวิทยาจะดำเนินการแจ้งให้กับหน่วยงานที่เกี่ยวข้องได้รับทราบค่ะ', 9999, '2024-02-08 12:46:00', 'Ucf7ae53387c4320036661c31f24ee938'),
('5bcfc08e-ca72-11ee-8e32-1c1bb5362338', 'ขอบคุณสำหรับคำแนะนำค่ะ ทางโรงเรียนชลประทานวิทยาจะดำเนินการแจ้งให้กับหน่วยงานที่เกี่ยวข้องได้รับทราบค่ะ', 9999, '2024-02-13 20:18:55', 'Ucf7ae53387c4320036661c31f24ee938'),
('5d83264f-c5aa-11ee-a706-1c1bb5362338', 'คุณต้องการติดต่อบริการด้านอะไร\n 1.ศูนย์ฝึกว่ายน้ำ\n  2.ระบบชำระเงิน\n 3.ประกาศผลการเรียน\n 4.ระบบรถรับ-ส่ง\n 5.ระบบโรงอาหารอื่นๆ\n 6.ติดต่อสอบถามเพิ่มเติม', 9999, '2024-02-07 18:16:39', 'Ucf7ae53387c4320036661c31f24ee938'),
('5e400728-ca72-11ee-8e32-1c1bb5362338', 'ขอบคุณสำหรับคำแนะนำค่ะ ทางโรงเรียนชลประทานวิทยาจะดำเนินการแจ้งให้กับหน่วยงานที่เกี่ยวข้องได้รับทราบค่ะ', 9999, '2024-02-13 20:18:59', 'Ucf7ae53387c4320036661c31f24ee938'),
('601ca811-ca72-11ee-8e32-1c1bb5362338', 'ขอบคุณสำหรับคำแนะนำค่ะ ทางโรงเรียนชลประทานวิทยาจะดำเนินการแจ้งให้กับหน่วยงานที่เกี่ยวข้องได้รับทราบค่ะ', 9999, '2024-02-13 20:19:02', 'Ucf7ae53387c4320036661c31f24ee938'),
('6070253e-c5aa-11ee-a706-1c1bb5362338', 'คุณต้องการติดต่อบริการด้านอะไร\n 1.สมัครเรียน\n 2.สมัครบุคลากร\n 3.ค่าธรรมเนียมการศึกษา\n 4.อื่นๆ ติดต่อสอบถามเพิ่มเติม', 9999, '2024-02-07 18:16:44', 'Ucf7ae53387c4320036661c31f24ee938'),
('61e4c42f-c4b4-11ee-8b48-1c1bb5362338', 'คุณต้องการติดต่อบริการด้านอะไร\n 1.สมัครเรียน\n 2.สมัครบุคลากร\n 3.ค่าธรรมเนียมการศึกษา\n 4.อื่นๆ ติดต่อสอบถามเพิ่มเติม', 9999, '2024-02-06 12:55:51', 'U1141ccb03e163117769f66b855e5b0ef'),
('628fe9b5-c5be-11ee-bdbc-1c1bb5362338', 'คุณต้องการติดต่อบริการด้านอะไร\n 1.สมัครเรียน\n 2.สมัครบุคลากร\n 3.ค่าธรรมเนียมการศึกษา\n 4.อื่นๆ ติดต่อสอบถามเพิ่มเติม', 9999, '2024-02-07 20:39:58', 'Ucf7ae53387c4320036661c31f24ee938'),
('6a9d98a6-ce4a-11ee-86b1-1c1bb5362338', 'คุณต้องการติดต่อบริการด้านอะไร 1.สมัครเรียน 2.สมัครบุคลากร 3.ค่าธรรมเนียมการศึกษา 4.อื่นๆ ติดต่อสอบถามเพิ่มเติม', 9999, '2024-02-18 17:42:30', 'U219d0075bc6246b5814302c158c160e2'),
('6bd078d3-ca63-11ee-8e32-1c1bb5362338', 'คุณต้องการติดต่อบริการด้านอะไร\n 1.ศูนย์ฝึกว่ายน้ำ\n  2.ระบบชำระเงิน\n 3.ประกาศผลการเรียน\n 4.ระบบรถรับ-ส่ง\n 5.ระบบโรงอาหารอื่นๆ\n 6.ติดต่อสอบถามเพิ่มเติม', 9999, '2024-02-13 18:31:59', 'Ucf7ae53387c4320036661c31f24ee938'),
('6e8d74cb-c5be-11ee-bdbc-1c1bb5362338', 'คุณต้องการติดต่อบริการด้านอะไร\n 1.สมัครเรียน\n 2.สมัครบุคลากร\n 3.ค่าธรรมเนียมการศึกษา\n 4.อื่นๆ ติดต่อสอบถามเพิ่มเติม', 9999, '2024-02-07 20:40:18', 'Ucf7ae53387c4320036661c31f24ee938'),
('7081992c-c401-11ee-bffe-1c1bb5362338', 'คุณต้องการติดต่อบริการด้านอะไร\n 1.ตารางเรียน\n 2.ตารางสอบ\n 3.หลักสูตร\n 4.ฟอร์มแบบคำร้องขอหลักฐานการศึกษา\n 5.อื่นๆ ติดต่อสอบถามเพิ่มเติม', 9999, '2024-02-05 15:34:55', 'Ucf7ae53387c4320036661c31f24ee938'),
('70b0ca7c-ca63-11ee-8e32-1c1bb5362338', 'คุณต้องการติดต่อบริการด้านอะไร\n 1.สมัครเรียน\n 2.สมัครบุคลากร\n 3.ค่าธรรมเนียมการศึกษา\n 4.อื่นๆ ติดต่อสอบถามเพิ่มเติม', 9999, '2024-02-13 18:32:07', 'Ucf7ae53387c4320036661c31f24ee938'),
('72d79144-caf9-11ee-b6cc-1c1bb5362338', 'โรงเรียนชลประทานสวัสดีค่ะ ต้องการติดต่อด้านไหนคะ', 9999, '2024-02-14 12:25:21', 'Ucf7ae53387c4320036661c31f24ee938'),
('77472241-c401-11ee-bffe-1c1bb5362338', 'คุณต้องการติดต่อบริการด้านอะไร\n 1.เมนูอาหารกลางวันประจำสัปดาห์\n 2.สหกรณ์โรงเรียนชลประทานวิทยา\n 3.อื่นๆ ติดต่อสอบถามเพิ่มเติม', 9999, '2024-02-05 15:35:07', 'U219d0075bc6246b5814302c158c160e2'),
('798e38db-c4b4-11ee-8b48-1c1bb5362338', 'คุณต้องการติดต่อบริการด้านอะไร\n 1.สมัครเรียน\n 2.สมัครบุคลากร\n 3.ค่าธรรมเนียมการศึกษา\n 4.อื่นๆ ติดต่อสอบถามเพิ่มเติม', 9999, '2024-02-06 12:56:30', 'U1141ccb03e163117769f66b855e5b0ef'),
('7b9b8831-ca72-11ee-8e32-1c1bb5362338', 'ขอบคุณสำหรับคำแนะนำค่ะ ทางโรงเรียนชลประทานวิทยาจะดำเนินการแจ้งให้กับหน่วยงานที่เกี่ยวข้องได้รับทราบค่ะ', 9999, '2024-02-13 20:19:48', 'Ucf7ae53387c4320036661c31f24ee938'),
('7c814c11-ce45-11ee-86b1-1c1bb5362338', 'คุณต้องการติดต่อบริการด้านอะไร\n 1.สมัครเรียน\n 2.สมัครบุคลากร\n 3.ค่าธรรมเนียมการศึกษา\n 4.อื่นๆ ติดต่อสอบถามเพิ่มเติม', 9999, '2024-02-18 17:07:13', 'U219d0075bc6246b5814302c158c160e2'),
('7d674c95-c4c1-11ee-8b48-1c1bb5362338', 'คุณต้องการติดต่อบริการด้านอะไร\n 1.ศูนย์ฝึกว่ายน้ำ\n  2.ระบบชำระเงิน\n 3.ประกาศผลการเรียน\n 4.ระบบรถรับ-ส่ง\n 5.ระบบโรงอาหารอื่นๆ\n 6.ติดต่อสอบถามเพิ่มเติม', 9999, '2024-02-06 15:09:48', 'Ucf7ae53387c4320036661c31f24ee938'),
('7df8e537-ca73-11ee-8e32-1c1bb5362338', 'ขอบคุณสำหรับคำแนะนำค่ะ ทางโรงเรียนชลประทานวิทยาจะดำเนินการแจ้งให้กับหน่วยงานที่เกี่ยวข้องได้รับทราบค่ะ', 9999, '2024-02-13 20:27:02', 'Ucf7ae53387c4320036661c31f24ee938'),
('7f64e243-ca6e-11ee-8e32-1c1bb5362338', 'โรงเรียนชลประทานวิทยา ขอขอบคุณค่ะ', 9999, '2024-02-13 19:51:16', 'Ucf7ae53387c4320036661c31f24ee938'),
('7f75897f-c401-11ee-bffe-1c1bb5362338', 'คุณต้องการติดต่อบริการด้านอะไร\n 1.เมนูอาหารกลางวันประจำสัปดาห์\n 2.สหกรณ์โรงเรียนชลประทานวิทยา\n 3.อื่นๆ ติดต่อสอบถามเพิ่มเติม', 9999, '2024-02-05 15:35:20', 'U219d0075bc6246b5814302c158c160e2'),
('82b5644c-c401-11ee-bffe-1c1bb5362338', 'ขอบคุณสำหรับคำแนะนำค่ะ ทางโรงเรียนชลประทานวิทยาจะดำเนินการแจ้งให้กับหน่วยงานที่เกี่ยวข้องได้รับทราบค่ะ', 9999, '2024-02-05 15:35:26', 'Ucf7ae53387c4320036661c31f24ee938'),
('833ef389-c4c5-11ee-8b48-1c1bb5362338', 'ขอบคุณสำหรับคำแนะนำค่ะ ทางโรงเรียนชลประทานวิทยาจะดำเนินการแจ้งให้กับหน่วยงานที่เกี่ยวข้องได้รับทราบค่ะ', 9999, '2024-02-06 15:38:36', 'Ucf7ae53387c4320036661c31f24ee938'),
('848d6b85-c5c5-11ee-bdbc-1c1bb5362338', 'คุณต้องการติดต่อบริการด้านอะไร\n 1.สมัครเรียน\n 2.สมัครบุคลากร\n 3.ค่าธรรมเนียมการศึกษา\n 4.อื่นๆ ติดต่อสอบถามเพิ่มเติม', 9999, '2024-02-07 21:31:01', 'Ucf7ae53387c4320036661c31f24ee938'),
('85a5b83a-ca6e-11ee-8e32-1c1bb5362338', 'โรงเรียนชลประทานวิทยา ขอขอบคุณค่ะ', 9999, '2024-02-13 19:51:27', 'Ucf7ae53387c4320036661c31f24ee938'),
('872d8ae5-c5c5-11ee-bdbc-1c1bb5362338', 'คุณต้องการติดต่อบริการด้านอะไร\n 1.สมัครเรียน\n 2.สมัครบุคลากร\n 3.ค่าธรรมเนียมการศึกษา\n 4.อื่นๆ ติดต่อสอบถามเพิ่มเติม', 9999, '2024-02-07 21:31:06', 'Ucf7ae53387c4320036661c31f24ee938'),
('88301d0f-c4b4-11ee-8b48-1c1bb5362338', 'คุณต้องการติดต่อบริการด้านอะไร\n 1.สมัครเรียน\n 2.สมัครบุคลากร\n 3.ค่าธรรมเนียมการศึกษา\n 4.อื่นๆ ติดต่อสอบถามเพิ่มเติม', 9999, '2024-02-06 12:56:55', 'U1141ccb03e163117769f66b855e5b0ef'),
('8a846bd9-ca6d-11ee-8e32-1c1bb5362338', 'ขอบคุณสำหรับคำแนะนำค่ะ ทางโรงเรียนชลประทานวิทยาจะดำเนินการแจ้งให้กับหน่วยงานที่เกี่ยวข้องได้รับทราบค่ะ', 9999, '2024-02-13 19:44:26', 'Ucf7ae53387c4320036661c31f24ee938'),
('8a9a77e9-ca73-11ee-8e32-1c1bb5362338', 'ขอบคุณสำหรับคำแนะนำค่ะ ทางโรงเรียนชลประทานวิทยาจะดำเนินการแจ้งให้กับหน่วยงานที่เกี่ยวข้องได้รับทราบค่ะ', 9999, '2024-02-13 20:27:23', 'Ucf7ae53387c4320036661c31f24ee938'),
('8ae68717-c5c5-11ee-bdbc-1c1bb5362338', 'คุณต้องการติดต่อบริการด้านอะไร\n 1.สมัครเรียน\n 2.สมัครบุคลากร\n 3.ค่าธรรมเนียมการศึกษา\n 4.อื่นๆ ติดต่อสอบถามเพิ่มเติม', 9999, '2024-02-07 21:31:12', 'Ucf7ae53387c4320036661c31f24ee938'),
('8b7fa807-ca71-11ee-8e32-1c1bb5362338', 'ขอบคุณสำหรับคำแนะนำค่ะ ทางโรงเรียนชลประทานวิทยาจะดำเนินการแจ้งให้กับหน่วยงานที่เกี่ยวข้องได้รับทราบค่ะ', 9999, '2024-02-13 20:13:05', 'Ucf7ae53387c4320036661c31f24ee938'),
('8bcbfc74-c4c5-11ee-8b48-1c1bb5362338', 'ขอบคุณสำหรับคำแนะนำค่ะ ทางโรงเรียนชลประทานวิทยาจะดำเนินการแจ้งให้กับหน่วยงานที่เกี่ยวข้องได้รับทราบค่ะ', 9999, '2024-02-06 15:38:51', 'Ucf7ae53387c4320036661c31f24ee938'),
('8e4a841e-c401-11ee-bffe-1c1bb5362338', 'คุณต้องการติดต่อบริการด้านอะไร\n 1.เมนูอาหารกลางวันประจำสัปดาห์\n 2.สหกรณ์โรงเรียนชลประทานวิทยา\n 3.อื่นๆ ติดต่อสอบถามเพิ่มเติม', 9999, '2024-02-05 15:35:45', 'U219d0075bc6246b5814302c158c160e2'),
('8eb4147a-ce40-11ee-86b1-1c1bb5362338', 'ขอบคุณสำหรับคำแนะนำค่ะ ทางโรงเรียนชลประทานวิทยาจะดำเนินการแจ้งให้กับหน่วยงานที่เกี่ยวข้องได้รับทราบค่ะ', 9999, '2024-02-18 16:31:56', 'U219d0075bc6246b5814302c158c160e2'),
('9257e226-be0d-11ee-bac5-1c1bb5362338', 'คุณต้องการติดต่อบริการด้านอะไร\n 1.ตารางเรียน\n 2.ตารางสอบ\n 3.หลักสูตร\n 4.ฟอร์มแบบคำร้องขอหลักฐานการศึกษา\n 5.อื่นๆ ติดต่อสอบถามเพิ่มเติม', 9999, '2024-01-29 01:46:39', 'Ucf7ae53387c4320036661c31f24ee938'),
('92b94fec-ce4a-11ee-86b1-1c1bb5362338', 'คุณต้องการติดต่อบริการด้านอะไร 1.ตารางเรียน 2.ตารางสอบ 3.หลักสูตร 4.ฟอร์มแบบคำร้องขอหลักฐานการศึกษา 5.อื่นๆ ติดต่อสอบถามเพิ่มเติม', 9999, '2024-02-18 17:43:37', 'U219d0075bc6246b5814302c158c160e2'),
('92f3c941-c4c5-11ee-8b48-1c1bb5362338', 'โรงเรียนชลประทานวิทยา ขอขอบคุณค่ะ', 9999, '2024-02-06 15:39:03', 'Ucf7ae53387c4320036661c31f24ee938'),
('9397395f-c963-11ee-a97d-1c1bb5362338', 'คุณต้องการติดต่อบริการด้านอะไร\n 1.สมัครเรียน\n 2.สมัครบุคลากร\n 3.ค่าธรรมเนียมการศึกษา\n 4.อื่นๆ ติดต่อสอบถามเพิ่มเติม', 9999, '2024-02-12 12:00:01', 'Ucf7ae53387c4320036661c31f24ee938'),
('94d67ae4-ca71-11ee-8e32-1c1bb5362338', 'ขอบคุณสำหรับคำแนะนำค่ะ ทางโรงเรียนชลประทานวิทยาจะดำเนินการแจ้งให้กับหน่วยงานที่เกี่ยวข้องได้รับทราบค่ะ', 9999, '2024-02-13 20:13:21', 'Ucf7ae53387c4320036661c31f24ee938'),
('950faa4a-c63d-11ee-928f-1c1bb5362338', 'คุณต้องการติดต่อบริการด้านอะไร\n 1.สมัครเรียน\n 2.สมัครบุคลากร\n 3.ค่าธรรมเนียมการศึกษา\n 4.อื่นๆ ติดต่อสอบถามเพิ่มเติม', 9999, '2024-02-08 11:50:29', 'Ucf7ae53387c4320036661c31f24ee938'),
('95107f09-ca6e-11ee-8e32-1c1bb5362338', 'โรงเรียนชลประทานวิทยา ขอขอบคุณค่ะ', 9999, '2024-02-13 19:51:53', 'Ucf7ae53387c4320036661c31f24ee938'),
('96a690a9-c401-11ee-bffe-1c1bb5362338', 'คุณต้องการติดต่อบริการด้านอะไร\n 1.ระเบียบการแต่งกายของนักเรียน \n 2.กิจกรรมนักเรียน\n 3.นักศึกษาวิชาทหาร\n 4.อื่นๆ ติดต่อสอบถามเพิ่มเติม', 9999, '2024-02-05 15:35:59', 'U219d0075bc6246b5814302c158c160e2'),
('991b9b95-c4c1-11ee-8b48-1c1bb5362338', 'คุณต้องการติดต่อบริการด้านอะไร\n 1.ศูนย์ฝึกว่ายน้ำ\n  2.ระบบชำระเงิน\n 3.ประกาศผลการเรียน\n 4.ระบบรถรับ-ส่ง\n 5.ระบบโรงอาหารอื่นๆ\n 6.ติดต่อสอบถามเพิ่มเติม', 9999, '2024-02-06 15:10:35', 'Ucf7ae53387c4320036661c31f24ee938'),
('9b8378f9-ce4a-11ee-86b1-1c1bb5362338', 'คุณต้องการติดต่อบริการด้านอะไร 1.ตารางเรียน 2.ตารางสอบ 3.หลักสูตร 4.ฟอร์มแบบคำร้องขอหลักฐานการศึกษา 5.อื่นๆ ติดต่อสอบถามเพิ่มเติม', 9999, '2024-02-18 17:43:52', 'U219d0075bc6246b5814302c158c160e2'),
('9dac1463-c401-11ee-bffe-1c1bb5362338', 'คุณต้องการติดต่อบริการด้านอะไร\n 1.ศูนย์ฝึกว่ายน้ำ\n  2.ระบบชำระเงิน\n 3.ประกาศผลการเรียน\n 4.ระบบรถรับ-ส่ง\n 5.ระบบโรงอาหารอื่นๆ\n 6.ติดต่อสอบถามเพิ่มเติม', 9999, '2024-02-05 15:36:11', 'Ucf7ae53387c4320036661c31f24ee938'),
('a0c91a2c-c401-11ee-bffe-1c1bb5362338', 'ขอบคุณสำหรับคำแนะนำค่ะ ทางโรงเรียนชลประทานวิทยาจะดำเนินการแจ้งให้กับหน่วยงานที่เกี่ยวข้องได้รับทราบค่ะ', 9999, '2024-02-05 15:36:16', 'U219d0075bc6246b5814302c158c160e2'),
('a154450f-c4b4-11ee-8b48-1c1bb5362338', 'โรงเรียนชลประทานวิทยา ขอขอบคุณค่ะ', 9999, '2024-02-06 12:57:37', 'U1141ccb03e163117769f66b855e5b0ef'),
('a22cc518-cb06-11ee-b6cc-1c1bb5362338', 'คุณต้องการติดต่อบริการด้านอะไร\n 1.ศูนย์ฝึกว่ายน้ำ\n  2.ระบบชำระเงิน\n 3.ประกาศผลการเรียน\n 4.ระบบรถรับ-ส่ง\n 5.ระบบโรงอาหารอื่นๆ\n 6.ติดต่อสอบถามเพิ่มเติม', 9999, '2024-02-14 13:59:44', 'U1141ccb03e163117769f66b855e5b0ef'),
('a506d8ea-ca70-11ee-8e32-1c1bb5362338', 'ขอบคุณสำหรับคำแนะนำค่ะ ทางโรงเรียนชลประทานวิทยาจะดำเนินการแจ้งให้กับหน่วยงานที่เกี่ยวข้องได้รับทราบค่ะ', 9999, '2024-02-13 20:06:39', 'Ucf7ae53387c4320036661c31f24ee938'),
('a5ec5a62-c5ca-11ee-bdbc-1c1bb5362338', 'คุณต้องการติดต่อบริการด้านอะไร\n 1.ตารางเรียน\n 2.ตารางสอบ\n 3.หลักสูตร\n 4.ฟอร์มแบบคำร้องขอหลักฐานการศึกษา\n 5.อื่นๆ ติดต่อสอบถามเพิ่มเติม', 9999, '2024-02-07 22:07:45', 'Ucf7ae53387c4320036661c31f24ee938'),
('a7725f95-ca6d-11ee-8e32-1c1bb5362338', 'ขอบคุณสำหรับคำแนะนำค่ะ ทางโรงเรียนชลประทานวิทยาจะดำเนินการแจ้งให้กับหน่วยงานที่เกี่ยวข้องได้รับทราบค่ะ', 9999, '2024-02-13 19:45:14', 'Ucf7ae53387c4320036661c31f24ee938'),
('a7978bd4-ca70-11ee-8e32-1c1bb5362338', 'ขอบคุณสำหรับคำแนะนำค่ะ ทางโรงเรียนชลประทานวิทยาจะดำเนินการแจ้งให้กับหน่วยงานที่เกี่ยวข้องได้รับทราบค่ะ', 9999, '2024-02-13 20:06:43', 'Ucf7ae53387c4320036661c31f24ee938'),
('a825de19-ce4a-11ee-86b1-1c1bb5362338', 'รอสักครู่ ฉันจะรีบติดต่อกลับไปให้เร็วที่สุดนะคะ / I’ll get back to you as soon as possible', 9999, '2024-02-18 17:44:13', 'U219d0075bc6246b5814302c158c160e2'),
('a835792c-c5ca-11ee-bdbc-1c1bb5362338', 'คุณต้องการติดต่อบริการด้านอะไร\n 1.สมัครเรียน\n 2.สมัครบุคลากร\n 3.ค่าธรรมเนียมการศึกษา\n 4.อื่นๆ ติดต่อสอบถามเพิ่มเติม', 9999, '2024-02-07 22:07:49', 'Ucf7ae53387c4320036661c31f24ee938'),
('aa5c075b-ca72-11ee-8e32-1c1bb5362338', 'ขอบคุณสำหรับคำแนะนำค่ะ ทางโรงเรียนชลประทานวิทยาจะดำเนินการแจ้งให้กับหน่วยงานที่เกี่ยวข้องได้รับทราบค่ะ', 9999, '2024-02-13 20:21:07', 'Ucf7ae53387c4320036661c31f24ee938'),
('aba16b87-c401-11ee-bffe-1c1bb5362338', 'ขอบคุณสำหรับคำแนะนำค่ะ ทางโรงเรียนชลประทานวิทยาจะดำเนินการแจ้งให้กับหน่วยงานที่เกี่ยวข้องได้รับทราบค่ะ', 9999, '2024-02-05 15:36:34', 'U219d0075bc6246b5814302c158c160e2'),
('ad6af6d2-c97a-11ee-a97d-1c1bb5362338', 'คุณต้องการติดต่อบริการด้านอะไร\n 1.สมัครเรียน\n 2.สมัครบุคลากร\n 3.ค่าธรรมเนียมการศึกษา\n 4.อื่นๆ ติดต่อสอบถามเพิ่มเติม', 9999, '2024-02-12 14:45:22', 'Ucf7ae53387c4320036661c31f24ee938'),
('ae16d226-c401-11ee-bffe-1c1bb5362338', 'คุณต้องการติดต่อบริการด้านอะไร\n 1.สมัครเรียน\n 2.สมัครบุคลากร\n 3.ค่าธรรมเนียมการศึกษา\n 4.อื่นๆ ติดต่อสอบถามเพิ่มเติม', 9999, '2024-02-05 15:36:38', 'Ucf7ae53387c4320036661c31f24ee938'),
('b0f3ae90-ca6e-11ee-8e32-1c1bb5362338', 'โรงเรียนชลประทานวิทยา ขอขอบคุณค่ะ', 9999, '2024-02-13 19:52:40', 'Ucf7ae53387c4320036661c31f24ee938'),
('b18314a6-c97c-11ee-a97d-1c1bb5362338', 'คุณต้องการติดต่อบริการด้านอะไร\n 1.สมัครเรียน\n 2.สมัครบุคลากร\n 3.ค่าธรรมเนียมการศึกษา\n 4.อื่นๆ ติดต่อสอบถามเพิ่มเติม', 9999, '2024-02-12 14:59:48', 'Ucf7ae53387c4320036661c31f24ee938'),
('b2455947-c5c5-11ee-bdbc-1c1bb5362338', 'คุณต้องการติดต่อบริการด้านอะไร\n 1.ตารางเรียน\n 2.ตารางสอบ\n 3.หลักสูตร\n 4.ฟอร์มแบบคำร้องขอหลักฐานการศึกษา\n 5.อื่นๆ ติดต่อสอบถามเพิ่มเติม', 9999, '2024-02-07 21:32:18', 'Ucf7ae53387c4320036661c31f24ee938'),
('b2b783f8-c981-11ee-a97d-1c1bb5362338', 'คุณต้องการติดต่อบริการด้านอะไร\n 1.ตารางเรียน\n 2.ตารางสอบ\n 3.หลักสูตร\n 4.ฟอร์มแบบคำร้องขอหลักฐานการศึกษา\n 5.อื่นๆ ติดต่อสอบถามเพิ่มเติม', 9999, '2024-02-12 15:35:38', 'Ucf7ae53387c4320036661c31f24ee938'),
('b4865a7c-c5c5-11ee-bdbc-1c1bb5362338', 'คุณต้องการติดต่อบริการด้านอะไร\n 1.สมัครเรียน\n 2.สมัครบุคลากร\n 3.ค่าธรรมเนียมการศึกษา\n 4.อื่นๆ ติดต่อสอบถามเพิ่มเติม', 9999, '2024-02-07 21:32:22', 'Ucf7ae53387c4320036661c31f24ee938'),
('b6f1133c-c401-11ee-bffe-1c1bb5362338', 'คุณต้องการติดต่อบริการด้านอะไร\n 1.สมัครเรียน\n 2.สมัครบุคลากร\n 3.ค่าธรรมเนียมการศึกษา\n 4.อื่นๆ ติดต่อสอบถามเพิ่มเติม', 9999, '2024-02-05 15:36:53', 'Ucf7ae53387c4320036661c31f24ee938'),
('b74f62d8-c401-11ee-bffe-1c1bb5362338', 'โรงเรียนชลประทานวิทยา ขอขอบคุณค่ะ', 9999, '2024-02-05 15:36:54', 'U219d0075bc6246b5814302c158c160e2'),
('b7d539e6-ce40-11ee-86b1-1c1bb5362338', 'ขอบคุณสำหรับคำแนะนำค่ะ ทางโรงเรียนชลประทานวิทยาจะดำเนินการแจ้งให้กับหน่วยงานที่เกี่ยวข้องได้รับทราบค่ะ', 9999, '2024-02-18 16:33:05', 'U219d0075bc6246b5814302c158c160e2'),
('b8e3d5ba-ca6e-11ee-8e32-1c1bb5362338', 'ขอบคุณสำหรับคำแนะนำค่ะ ทางโรงเรียนชลประทานวิทยาจะดำเนินการแจ้งให้กับหน่วยงานที่เกี่ยวข้องได้รับทราบค่ะ', 9999, '2024-02-13 19:52:53', 'Ucf7ae53387c4320036661c31f24ee938'),
('b9ecf422-ca72-11ee-8e32-1c1bb5362338', 'ขอบคุณสำหรับคำแนะนำค่ะ ทางโรงเรียนชลประทานวิทยาจะดำเนินการแจ้งให้กับหน่วยงานที่เกี่ยวข้องได้รับทราบค่ะ', 9999, '2024-02-13 20:21:33', 'Ucf7ae53387c4320036661c31f24ee938'),
('baff5a9b-c5c5-11ee-bdbc-1c1bb5362338', 'คุณต้องการติดต่อบริการด้านอะไร\n 1.สมัครเรียน\n 2.สมัครบุคลากร\n 3.ค่าธรรมเนียมการศึกษา\n 4.อื่นๆ ติดต่อสอบถามเพิ่มเติม', 9999, '2024-02-07 21:32:33', 'Ucf7ae53387c4320036661c31f24ee938'),
('bd835346-cbd7-11ee-9820-1c1bb5362338', 'คุณต้องการติดต่อบริการด้านอะไร\n 1.ศูนย์ฝึกว่ายน้ำ\n  2.ระบบชำระเงิน\n 3.ประกาศผลการเรียน\n 4.ระบบรถรับ-ส่ง\n 5.ระบบโรงอาหารอื่นๆ\n 6.ติดต่อสอบถามเพิ่มเติม', 9999, '2024-02-15 14:57:27', 'Ucf7ae53387c4320036661c31f24ee938'),
('bf1cb15c-ca72-11ee-8e32-1c1bb5362338', 'คุณต้องการติดต่อบริการด้านอะไร\n 1.สมัครเรียน\n 2.สมัครบุคลากร\n 3.ค่าธรรมเนียมการศึกษา\n 4.อื่นๆ ติดต่อสอบถามเพิ่มเติม', 9999, '2024-02-13 20:21:41', 'Ucf7ae53387c4320036661c31f24ee938'),
('c1b7a9b4-cbce-11ee-9820-1c1bb5362338', 'ขอบคุณสำหรับคำแนะนำค่ะ ทางโรงเรียนชลประทานวิทยาจะดำเนินการแจ้งให้กับหน่วยงานที่เกี่ยวข้องได้รับทราบค่ะ', 9999, '2024-02-15 13:52:16', 'Ucf7ae53387c4320036661c31f24ee938'),
('c7209c5f-cbc9-11ee-9820-1c1bb5362338', 'ขอบคุณสำหรับคำแนะนำค่ะ ทางโรงเรียนชลประทานวิทยาจะดำเนินการแจ้งให้กับหน่วยงานที่เกี่ยวข้องได้รับทราบค่ะ', 9999, '2024-02-15 13:16:38', 'Ucf7ae53387c4320036661c31f24ee938'),
('c76326e6-c981-11ee-a97d-1c1bb5362338', 'คุณต้องการติดต่อบริการด้านอะไร\n 1.สมัครเรียน\n 2.สมัครบุคลากร\n 3.ค่าธรรมเนียมการศึกษา\n 4.อื่นๆ ติดต่อสอบถามเพิ่มเติม', 9999, '2024-02-12 15:36:12', 'Ucf7ae53387c4320036661c31f24ee938'),
('c90bd300-c97c-11ee-a97d-1c1bb5362338', 'คุณต้องการติดต่อบริการด้านอะไร\n 1.สมัครเรียน\n 2.สมัครบุคลากร\n 3.ค่าธรรมเนียมการศึกษา\n 4.อื่นๆ ติดต่อสอบถามเพิ่มเติม', 9999, '2024-02-12 15:00:28', 'Ucf7ae53387c4320036661c31f24ee938'),
('ca5a7b3b-cb05-11ee-b6cc-1c1bb5362338', 'ขอบคุณสำหรับคำแนะนำค่ะ ทางโรงเรียนชลประทานวิทยาจะดำเนินการแจ้งให้กับหน่วยงานที่เกี่ยวข้องได้รับทราบค่ะ', 9999, '2024-02-14 13:53:42', 'Ucf7ae53387c4320036661c31f24ee938'),
('ce2a7966-ca70-11ee-8e32-1c1bb5362338', 'ขอบคุณสำหรับคำแนะนำค่ะ ทางโรงเรียนชลประทานวิทยาจะดำเนินการแจ้งให้กับหน่วยงานที่เกี่ยวข้องได้รับทราบค่ะ', 9999, '2024-02-13 20:07:48', 'Ucf7ae53387c4320036661c31f24ee938'),
('cf2e6ee3-ca6d-11ee-8e32-1c1bb5362338', 'ขอบคุณสำหรับคำแนะนำค่ะ ทางโรงเรียนชลประทานวิทยาจะดำเนินการแจ้งให้กับหน่วยงานที่เกี่ยวข้องได้รับทราบค่ะ', 9999, '2024-02-13 19:46:21', 'Ucf7ae53387c4320036661c31f24ee938'),
('d340eb93-cb04-11ee-b6cc-1c1bb5362338', 'ขอบคุณสำหรับคำแนะนำค่ะ ทางโรงเรียนชลประทานวิทยาจะดำเนินการแจ้งให้กับหน่วยงานที่เกี่ยวข้องได้รับทราบค่ะ', 9999, '2024-02-14 13:46:47', 'Ucf7ae53387c4320036661c31f24ee938'),
('d3cf79b5-c4bf-11ee-8b48-1c1bb5362338', 'คุณต้องการติดต่อบริการด้านอะไร\n 1.ศูนย์ฝึกว่ายน้ำ\n  2.ระบบชำระเงิน\n 3.ประกuijาศผลการเรียน\n 4.ระบบรถรับ-ส่ง\n 5.ระบบโรงอาหารอื่นๆ\n 6.ติดต่อสอบถามเพิ่มเติม', 9999, '2024-02-06 14:57:54', 'Ucf7ae53387c4320036661c31f24ee938'),
('d88bba88-c97c-11ee-a97d-1c1bb5362338', 'คุณต้องการติดต่อบริการด้านอะไร\n 1.สมัครเรียน\n 2.สมัครบุคลากร\n 3.ค่าธรรมเนียมการศึกษา\n 4.อื่นๆ ติดต่อสอบถามเพิ่มเติม', 9999, '2024-02-12 15:00:54', 'Ucf7ae53387c4320036661c31f24ee938'),
('e509a6b5-c4ac-11ee-8b48-1c1bb5362338', 'ขอบคุณสำหรับคำแนะนำค่ะ ทางโรงเรียนชลประทานวิทยาจะดำเนินการแจ้งให้กับหน่วยงานที่เกี่ยวข้องได้รับทราบค่ะ', 9999, '2024-02-06 12:02:15', 'Ucf7ae53387c4320036661c31f24ee938'),
('e7e1b853-c5aa-11ee-a706-1c1bb5362338', 'คุณต้องการติดต่อบริการด้านอะไร\n 1.ศูนย์ฝึกว่ายน้ำ\n  2.ระบบชำระเงิน\n 3.ประกาศผลการเรียน\n 4.ระบบรถรับ-ส่ง\n 5.ระบบโรงอาหารอื่นๆ\n 6.ติดต่อสอบถามเพิ่มเติม', 9999, '2024-02-07 18:20:32', 'Ucf7ae53387c4320036661c31f24ee938'),
('e8f2f46f-c5c4-11ee-bdbc-1c1bb5362338', 'คุณต้องการติดต่อบริการด้านอะไร\n 1.สมัครเรียน\n 2.สมัครบุคลากร\n 3.ค่าธรรมเนียมการศึกษา\n 4.อื่นๆ ติดต่อสอบถามเพิ่มเติม', 9999, '2024-02-07 21:26:40', 'Ucf7ae53387c4320036661c31f24ee938'),
('eafe0606-c5aa-11ee-a706-1c1bb5362338', 'คุณต้องการติดต่อบริการด้านอะไร\n 1.สมัครเรียน\n 2.สมัครบุคลากร\n 3.ค่าธรรมเนียมการศึกษา\n 4.อื่นๆ ติดต่อสอบถามเพิ่มเติม', 9999, '2024-02-07 18:20:37', 'Ucf7ae53387c4320036661c31f24ee938'),
('eb784236-c5c4-11ee-bdbc-1c1bb5362338', 'คุณต้องการติดต่อบริการด้านอะไร\n 1.สมัครเรียน\n 2.สมัครบุคลากร\n 3.ค่าธรรมเนียมการศึกษา\n 4.อื่นๆ ติดต่อสอบถามเพิ่มเติม', 9999, '2024-02-07 21:26:44', 'Ucf7ae53387c4320036661c31f24ee938'),
('ee61b5ec-c5c8-11ee-bdbc-1c1bb5362338', 'คุณต้องการติดต่อบริการด้านอะไร\n 1.สมัครเรียน\n 2.สมัครบุคลากร\n 3.ค่าธรรมเนียมการศึกษา\n 4.อื่นๆ ติดต่อสอบถามเพิ่มเติม', 9999, '2024-02-07 21:55:27', 'Ucf7ae53387c4320036661c31f24ee938'),
('f6ad4274-c97c-11ee-a97d-1c1bb5362338', 'คุณต้องการติดต่อบริการด้านอะไร\n 1.ตารางเรียน\n 2.ตารางสอบ\n 3.หลักสูตร\n 4.ฟอร์มแบบคำร้องขอหลักฐานการศึกษา\n 5.อื่นๆ ติดต่อสอบถามเพิ่มเติม', 9999, '2024-02-12 15:01:44', 'Ucf7ae53387c4320036661c31f24ee938'),
('f962fac1-c648-11ee-928f-1c1bb5362338', 'คุณต้องการติดต่อบริการด้านอะไร\n 1.สมัครเรียน\n 2.สมัครบุคลากร\n 3.ค่าธรรมเนียมการศึกษา\n 4.อื่นๆ ติดต่อสอบถามเพิ่มเติม', 9999, '2024-02-08 13:12:01', 'Ucf7ae53387c4320036661c31f24ee938'),
('fa1592b0-c5ab-11ee-a706-1c1bb5362338', 'คุณต้องการติดต่อบริการด้านอะไร\n 1.ศูนย์ฝึกว่ายน้ำ\n  2.ระบบชำระเงิน\n 3.ประกาศผลการเรียน\n 4.ระบบรถรับ-ส่ง\n 5.ระบบโรงอาหารอื่นๆ\n 6.ติดต่อสอบถามเพิ่มเติม', 9999, '2024-02-07 18:28:12', 'Ucf7ae53387c4320036661c31f24ee938'),
('fc4833fa-cbd8-11ee-9820-1c1bb5362338', 'คุณต้องการติดต่อบริการด้านอะไร\n 1.ตารางเรียน\n 2.ตารางสอบ\n 3.หลักสูตร\n 4.ฟอร์มแบบคำร้องขอหลักฐานการศึกษา\n 5.อื่นๆ ติดต่อสอบถามเพิ่มเติม', 9999, '2024-02-15 15:06:22', 'Ucf7ae53387c4320036661c31f24ee938');

-- --------------------------------------------------------

--
-- Table structure for table `answer_question`
--

CREATE TABLE `answer_question` (
  `answer_question_id` varchar(255) NOT NULL,
  `answer` varchar(500) DEFAULT NULL,
  `message_group` varchar(20) DEFAULT NULL,
  `question_type` varchar(20) DEFAULT NULL
) ENGINE=InnoDB DEFAULT CHARSET=utf8 COLLATE=utf8_general_ci;

--
-- Dumping data for table `answer_question`
--

INSERT INTO `answer_question` (`answer_question_id`, `answer`, `message_group`, `question_type`) VALUES
('0d75565f-c50d-11ee-a02e-1c1bb5362338', 'คุณต้องการติดต่อบริการด้านอะไร 1.เมนูอาหารกลางวันประจำสัปดาห์ 2.สหกรณ์โรงเรียนชลประทานวิทยา 3.อื่นๆ ติดต่อสอบถามเพิ่มเติม', 'question', '2'),
('27dbe513-c50e-11ee-a02e-1c1bb5362338', 'รอสักครู่ ฉันจะรีบติดต่อกลับไปให้เร็วที่สุดนะคะ / I’ll get back to you as soon as possible', 'question', '0'),
('4b68ef18-c50d-11ee-a02e-1c1bb5362338', 'คุณต้องการติดต่อบริการด้านอะไร 1.ระเบียบการแต่งกายของนักเรียน 2.กิจกรรมนักเรียน 3.นักศึกษาวิชาทหาร 4.อื่นๆ ติดต่อสอบถามเพิ่มเติม', 'question', '3'),
('71261234-c5a7-11ee-a706-1c1bb5362338', 'คุณต้องการติดต่อบริการด้านอะไร 1.ศูนย์ฝึกว่ายน้ำ 2.ระบบชำระเงิน 3.ประกาศผลการเรียน 4.ระบบรถรับ-ส่ง 5.ระบบโรงอาหารอื่นๆ 6.ติดต่อสอบถามเพิ่มเติม', 'question', '5'),
('93544438-c50c-11ee-a02e-1c1bb5362338', 'คุณต้องการติดต่อบริการด้านอะไร 1.ตารางเรียน 2.ตารางสอบ 3.หลักสูตร 4.ฟอร์มแบบคำร้องขอหลักฐานการศึกษา 5.อื่นๆ ติดต่อสอบถามเพิ่มเติม', 'question', '1'),
('be90c4f5-c50d-11ee-a02e-1c1bb5362338', 'คุณต้องการติดต่อบริการด้านอะไร 1.สมัครเรียน 2.สมัครบุคลากร 3.ค่าธรรมเนียมการศึกษา 4.อื่นๆ ติดต่อสอบถามเพิ่มเติม', 'question', '4'),
('e7626367-3e41-11eb-b897-0862660ccbd', 'โรงเรียนชลประทานวิทยา ขอขอบคุณค่ะ', 'positive', NULL),
('fbe516f6-3e39-11eb-b897-0862660ccbd4', 'ขอบคุณสำหรับคำแนะนำค่ะ ทางโรงเรียนชลประทานวิทยาจะดำเนินการแจ้งให้กับหน่วยงานที่เกี่ยวข้องได้รับทราบค่ะ', 'negative', NULL);

-- --------------------------------------------------------

--
-- Table structure for table `contacter`
--

CREATE TABLE `contacter` (
  `c_id` varchar(255) NOT NULL,
  `c_name` varchar(255) DEFAULT NULL,
  `main_question_type` varchar(2) DEFAULT NULL,
  `last_interact` datetime NOT NULL DEFAULT current_timestamp()
) ENGINE=InnoDB DEFAULT CHARSET=utf8 COLLATE=utf8_general_ci;

--
-- Dumping data for table `contacter`
--

INSERT INTO `contacter` (`c_id`, `c_name`, `main_question_type`, `last_interact`) VALUES
('U1141ccb03e163117769f66b855e5b0ef', 'SJ.', NULL, '2024-02-14 13:59:44'),
('U219d0075bc6246b5814302c158c160e2', 'Deer', '1', '2024-02-18 17:47:26'),
('Ucf7ae53387c4320036661c31f24ee938', 'Pang', '5', '2024-02-18 17:47:26');

-- --------------------------------------------------------

--
-- Table structure for table `contacter_message`
--

CREATE TABLE `contacter_message` (
  `message_id` varchar(255) NOT NULL,
  `c_id` varchar(255) NOT NULL,
  `agency_id` int(10) DEFAULT NULL,
  `message` varchar(500) DEFAULT NULL,
  `message_group` varchar(20) DEFAULT NULL,
  `reply` int(1) DEFAULT NULL,
  `last_interact` datetime NOT NULL DEFAULT current_timestamp()
) ENGINE=InnoDB DEFAULT CHARSET=utf8 COLLATE=utf8_general_ci;

--
-- Dumping data for table `contacter_message`
--

INSERT INTO `contacter_message` (`message_id`, `c_id`, `agency_id`, `message`, `message_group`, `reply`, `last_interact`) VALUES
('00ec9f5c-c5c9-11ee-bdbc-1c1bb5362338', 'Ucf7ae53387c4320036661c31f24ee938', NULL, 'นักศึกษาวิชาทหารสมัครยังไงคะ', 'negative', 1, '2024-02-07 21:55:58'),
('055173b6-c97d-11ee-a97d-1c1bb5362338', 'Ucf7ae53387c4320036661c31f24ee938', NULL, 'ขอตารางเรียนหน่อยคะ', 'question', 1, '2024-02-12 15:02:09'),
('06f2b555-ce4b-11ee-86b1-1c1bb5362338', 'U219d0075bc6246b5814302c158c160e2', NULL, 'โรงเรียนห้องรำ้แย่มากค่ะ', 'question0', 1, '2024-02-18 17:46:52'),
('077e1bce-c5c9-11ee-bdbc-1c1bb5362338', 'Ucf7ae53387c4320036661c31f24ee938', NULL, 'นักศึกษาวิชาทหารสมัคร', 'negative', 1, '2024-02-07 21:56:09'),
('09512bdd-c982-11ee-a97d-1c1bb5362338', 'Ucf7ae53387c4320036661c31f24ee938', NULL, 'สมัครเรียนว่ายน้ำ', 'question', 1, '2024-02-12 15:38:03'),
('0b21f191-ce4a-11ee-86b1-1c1bb5362338', 'U219d0075bc6246b5814302c158c160e2', NULL, 'วันนี้โรงเรียนเปิดไหม', 'question4', 1, '2024-02-18 17:39:50'),
('0d50f45a-c5cb-11ee-bdbc-1c1bb5362338', 'Ucf7ae53387c4320036661c31f24ee938', NULL, 'ขอตารางเรียน', 'question', 1, '2024-02-07 22:10:38'),
('0f36a2c3-c5cb-11ee-bdbc-1c1bb5362338', 'Ucf7ae53387c4320036661c31f24ee938', NULL, '1', 'question', 1, '2024-02-07 22:10:41'),
('0f5b5784-cbd2-11ee-9820-1c1bb5362338', 'Ucf7ae53387c4320036661c31f24ee938', NULL, 'hi', 'negative', 1, '2024-02-15 14:15:55'),
('0f6cabbc-cb06-11ee-b6cc-1c1bb5362338', 'Ucf7ae53387c4320036661c31f24ee938', NULL, 'fobk;fk;bbvxc', 'negative', 1, '2024-02-14 13:55:38'),
('0fe6c5c1-c5ac-11ee-a706-1c1bb5362338', 'Ucf7ae53387c4320036661c31f24ee938', NULL, 'สมัครเรียนว่ายน้ำช่วงไหนคะ', 'question', 1, '2024-02-07 18:28:48'),
('102a442e-c982-11ee-a97d-1c1bb5362338', 'Ucf7ae53387c4320036661c31f24ee938', NULL, '1', 'question', 1, '2024-02-12 15:38:14'),
('137c3ba7-ca71-11ee-8e32-1c1bb5362338', 'Ucf7ae53387c4320036661c31f24ee938', NULL, 's', 'negative', 1, '2024-02-13 20:09:44'),
('13886713-c5c7-11ee-bdbc-1c1bb5362338', 'Ucf7ae53387c4320036661c31f24ee938', NULL, 'ขอตารางเรียนเทอมนี้หน่อยค่ะ', 'question', 1, '2024-02-07 21:42:11'),
('14070939-c5c9-11ee-bdbc-1c1bb5362338', 'Ucf7ae53387c4320036661c31f24ee938', NULL, 'จ่ายค่าเทอม', 'question', 1, '2024-02-07 21:56:31'),
('1458e9a9-ce4a-11ee-86b1-1c1bb5362338', 'U219d0075bc6246b5814302c158c160e2', NULL, 'วันนี้โรงเรียนเปิดไหม', 'question4', 1, '2024-02-18 17:40:05'),
('161a90e3-ca60-11ee-8e32-1c1bb5362338', 'U219d0075bc6246b5814302c158c160e2', NULL, 'ตาะเอ่', 'negative', 1, '2024-02-13 18:08:07'),
('1a8de0c2-c5ac-11ee-a706-1c1bb5362338', 'Ucf7ae53387c4320036661c31f24ee938', NULL, 'สมัครเรียนว่ายน้ำช่วงไหนคะ', 'question', 1, '2024-02-07 18:29:06'),
('1abfcba0-ce4b-11ee-86b1-1c1bb5362338', 'U219d0075bc6246b5814302c158c160e2', NULL, 'ห้องนำ้สวยมากๆ', 'question1', 1, '2024-02-18 17:47:26'),
('1ace1488-ce4b-11ee-86b1-1c1bb5362338', 'Ucf7ae53387c4320036661c31f24ee938', NULL, 'สมัครเรียนว่ายน้ำหน่อยค่ะ', 'question5', 1, '2024-02-18 17:47:26'),
('1ef7d1e5-ca60-11ee-8e32-1c1bb5362338', 'U219d0075bc6246b5814302c158c160e2', NULL, 'สอบถามทางไปรร', 'question', 1, '2024-02-13 18:08:22'),
('2188afc1-c4b4-11ee-8b48-1c1bb5362338', 'U1141ccb03e163117769f66b855e5b0ef', NULL, 'สวัสดีครับ', 'Greeting', 1, '2024-02-06 12:54:03'),
('22dee221-ce40-11ee-86b1-1c1bb5362338', 'U219d0075bc6246b5814302c158c160e2', NULL, 'เสื้อขายที่ไหน', 'negative', 1, '2024-02-18 16:28:55'),
('26c49d7d-c982-11ee-a97d-1c1bb5362338', 'Ucf7ae53387c4320036661c31f24ee938', NULL, 'สมัครเรียนว่ายน้ำ', 'question', 1, '2024-02-12 15:38:52'),
('27e45f0d-ca60-11ee-8e32-1c1bb5362338', 'U219d0075bc6246b5814302c158c160e2', NULL, '1', 'question', 1, '2024-02-13 18:08:37'),
('2959c6e8-c5c4-11ee-bdbc-1c1bb5362338', 'Ucf7ae53387c4320036661c31f24ee938', NULL, 'สมัครเรียนหน่อยค่ะ', 'question', 1, '2024-02-07 21:21:19'),
('2ae5763c-cb06-11ee-b6cc-1c1bb5362338', 'Ucf7ae53387c4320036661c31f24ee938', NULL, 'vjkhbvkb ', 'question', 1, '2024-02-14 13:56:24'),
('2d604189-cb04-11ee-b6cc-1c1bb5362338', 'Ucf7ae53387c4320036661c31f24ee938', NULL, '1', 'question', 1, '2024-02-14 13:42:09'),
('2daa72fe-c5bd-11ee-bdbc-1c1bb5362338', 'Ucf7ae53387c4320036661c31f24ee938', NULL, 'สมัครเรียนว่ายน้ำช่วงไหนคะ', 'question', 1, '2024-02-07 20:31:20'),
('2f710de1-c5c9-11ee-bdbc-1c1bb5362338', 'Ucf7ae53387c4320036661c31f24ee938', NULL, '-', 'negative', 1, '2024-02-07 21:57:17'),
('30f82486-c5c4-11ee-bdbc-1c1bb5362338', 'Ucf7ae53387c4320036661c31f24ee938', NULL, '1', 'question', 1, '2024-02-07 21:21:32'),
('312862ad-c5c9-11ee-bdbc-1c1bb5362338', 'Ucf7ae53387c4320036661c31f24ee938', NULL, '3', 'question', 1, '2024-02-07 21:57:19'),
('33f84fd9-c97d-11ee-a97d-1c1bb5362338', 'Ucf7ae53387c4320036661c31f24ee938', NULL, 'ขอตารางเรียนหน่อยคะ', 'question', 1, '2024-02-12 15:03:27'),
('36f761a2-c4b4-11ee-8b48-1c1bb5362338', 'U1141ccb03e163117769f66b855e5b0ef', NULL, 'ขอสอบถามเรื่องผลการเรียน', 'question', 1, '2024-02-06 12:54:39'),
('37479b60-c5c7-11ee-bdbc-1c1bb5362338', 'Ucf7ae53387c4320036661c31f24ee938', NULL, 'ขอตารางเรียน', 'question', 1, '2024-02-07 21:43:11'),
('3792b9dc-ce41-11ee-86b1-1c1bb5362338', 'U219d0075bc6246b5814302c158c160e2', NULL, 'วันนี้โรงเรียนเปิดไหม', 'question4', 1, '2024-02-18 16:36:39'),
('38be0eb6-c5c4-11ee-bdbc-1c1bb5362338', 'Ucf7ae53387c4320036661c31f24ee938', NULL, '2', 'question', 1, '2024-02-07 21:21:45'),
('3befb667-c5c9-11ee-bdbc-1c1bb5362338', 'Ucf7ae53387c4320036661c31f24ee938', NULL, 'ขอตารางเรียน', 'question', 1, '2024-02-07 21:57:37'),
('3ca92279-ce45-11ee-86b1-1c1bb5362338', 'U219d0075bc6246b5814302c158c160e2', NULL, 'วันนี้โรงเรียนเปิดไหม', 'question4', 1, '2024-02-18 17:05:26'),
('3e4d09b5-c97e-11ee-a97d-1c1bb5362338', 'Ucf7ae53387c4320036661c31f24ee938', NULL, 'ขอตารางเรียนหน่อยคะ', 'question', 1, '2024-02-12 15:10:54'),
('3f862320-c5c9-11ee-bdbc-1c1bb5362338', 'Ucf7ae53387c4320036661c31f24ee938', NULL, '1', 'question', 1, '2024-02-07 21:57:43'),
('4162a467-cbdd-11ee-9820-1c1bb5362338', 'Ucf7ae53387c4320036661c31f24ee938', NULL, 'สมัครเรียนว่ายน้ำหน่อยค่ะ', 'question', 1, '2024-02-15 15:36:56'),
('435a14c5-ce40-11ee-86b1-1c1bb5362338', 'U219d0075bc6246b5814302c158c160e2', NULL, 'เสื้อขายที่ไหน', 'negative', 1, '2024-02-18 16:29:49'),
('447d3780-c5a3-11ee-a706-1c1bb5362338', 'Ucf7ae53387c4320036661c31f24ee938', NULL, 'สมัครภาค  ep หน่อยค่ะ', 'question', 1, '2024-02-07 17:25:51'),
('44ec57f8-c5bd-11ee-bdbc-1c1bb5362338', 'Ucf7ae53387c4320036661c31f24ee938', NULL, '1', 'question', 1, '2024-02-07 20:31:59'),
('47ef62ce-c4c5-11ee-8b48-1c1bb5362338', 'Ucf7ae53387c4320036661c31f24ee938', NULL, 'อาหารได้น้อยมาก รบกวนมาดูด้วยค่ะ', 'negative', 1, '2024-02-06 15:36:57'),
('4d47c5e9-cb06-11ee-b6cc-1c1bb5362338', 'Ucf7ae53387c4320036661c31f24ee938', NULL, 'sdiovhiodshvldsvn', 'negative', 1, '2024-02-14 13:57:22'),
('4e87bef2-c4c0-11ee-8b48-1c1bb5362338', 'Ucf7ae53387c4320036661c31f24ee938', NULL, 'สมัครเรียนว่ายน้ำช่วงไหนคะ', 'question', 1, '2024-02-06 15:01:20'),
('4fe8bc61-c645-11ee-928f-1c1bb5362338', 'Ucf7ae53387c4320036661c31f24ee938', NULL, 'สวัสดีค่ะ', 'Greeting', 1, '2024-02-08 12:45:49'),
('54c1b5ad-ce3e-11ee-86b1-1c1bb5362338', 'U219d0075bc6246b5814302c158c160e2', NULL, 'วันนี้เปิดมั้ย', 'negative', 1, '2024-02-18 16:16:00'),
('55306628-ca71-11ee-8e32-1c1bb5362338', 'Ucf7ae53387c4320036661c31f24ee938', NULL, '\'\'', 'negative', 1, '2024-02-13 20:11:34'),
('55e3522d-c401-11ee-bffe-1c1bb5362338', 'Ucf7ae53387c4320036661c31f24ee938', NULL, 'ขอตารางเรียนหน่อยค่ะ', 'question', 1, '2024-02-05 15:34:11'),
('56aa6461-c645-11ee-928f-1c1bb5362338', 'Ucf7ae53387c4320036661c31f24ee938', NULL, 'หวัดดีจ้า', 'negative', 1, '2024-02-08 12:46:00'),
('5ba3ed02-ca72-11ee-8e32-1c1bb5362338', 'Ucf7ae53387c4320036661c31f24ee938', NULL, 'อิอิ', 'negative', 1, '2024-02-13 20:18:54'),
('5ce5883d-c5aa-11ee-a706-1c1bb5362338', 'Ucf7ae53387c4320036661c31f24ee938', NULL, 'สมัครเรียนว่ายน้ำช่วงไหนคะ', 'question', 1, '2024-02-07 18:16:38'),
('5e12f2b6-ca72-11ee-8e32-1c1bb5362338', 'Ucf7ae53387c4320036661c31f24ee938', NULL, 'อิอิ', 'negative', 1, '2024-02-13 20:18:59'),
('5ffd3972-ca72-11ee-8e32-1c1bb5362338', 'Ucf7ae53387c4320036661c31f24ee938', NULL, 'อิอิ', 'negative', 1, '2024-02-13 20:19:02'),
('603ad30f-c5aa-11ee-a706-1c1bb5362338', 'Ucf7ae53387c4320036661c31f24ee938', NULL, '1', 'question', 1, '2024-02-07 18:16:44'),
('61a125b3-c4b4-11ee-8b48-1c1bb5362338', 'U1141ccb03e163117769f66b855e5b0ef', NULL, 'ขอสอบถามเรื่องโรงอาหาร', 'question', 1, '2024-02-06 12:55:50'),
('61ac1fc1-c97d-11ee-a97d-1c1bb5362338', 'Ucf7ae53387c4320036661c31f24ee938', NULL, 'ขอตารางเรียนหน่อยคะ', 'question', 1, '2024-02-12 15:04:44'),
('626b909a-c5be-11ee-bdbc-1c1bb5362338', 'Ucf7ae53387c4320036661c31f24ee938', NULL, '1', 'question', 1, '2024-02-07 20:39:58'),
('63fef698-c63c-11ee-928f-1c1bb5362338', 'Ucf7ae53387c4320036661c31f24ee938', NULL, 'สมัคร รด ยังไงคะ', 'question', 1, '2024-02-08 11:41:57'),
('6a79d23c-ce4a-11ee-86b1-1c1bb5362338', 'U219d0075bc6246b5814302c158c160e2', NULL, 'วันนี้โรงเรียนเปิดไหม', 'question4', 1, '2024-02-18 17:42:30'),
('6ba691dc-ca63-11ee-8e32-1c1bb5362338', 'Ucf7ae53387c4320036661c31f24ee938', NULL, 'สมัครเรียนว่ายน้ำ', 'question', 1, '2024-02-13 18:31:59'),
('6e5cd22d-c5be-11ee-bdbc-1c1bb5362338', 'Ucf7ae53387c4320036661c31f24ee938', NULL, 'สมัครเรียนหน่อยค่ะ', 'question', 1, '2024-02-07 20:40:18'),
('705146ba-c401-11ee-bffe-1c1bb5362338', 'Ucf7ae53387c4320036661c31f24ee938', NULL, 'ตารางสอบดูได้จากที่ไหนคะ', 'question', 1, '2024-02-05 15:34:55'),
('7073eaf0-ca63-11ee-8e32-1c1bb5362338', 'Ucf7ae53387c4320036661c31f24ee938', NULL, '1', 'question', 1, '2024-02-13 18:32:07'),
('72b016ad-caf9-11ee-b6cc-1c1bb5362338', 'Ucf7ae53387c4320036661c31f24ee938', NULL, 'สวัสดีค่ะ', 'Greeting', 1, '2024-02-14 12:25:21'),
('76fa7991-c401-11ee-bffe-1c1bb5362338', 'U219d0075bc6246b5814302c158c160e2', NULL, 'พรุ่งนี้โรงเรียนเปิดมั้ย', 'question', 1, '2024-02-05 15:35:06'),
('79674635-c4b4-11ee-8b48-1c1bb5362338', 'U1141ccb03e163117769f66b855e5b0ef', NULL, '2', 'question', 1, '2024-02-06 12:56:30'),
('7b6c0cd9-ca72-11ee-8e32-1c1bb5362338', 'Ucf7ae53387c4320036661c31f24ee938', NULL, 'ด', 'negative', 1, '2024-02-13 20:19:48'),
('7c4516eb-ce45-11ee-86b1-1c1bb5362338', 'U219d0075bc6246b5814302c158c160e2', NULL, 'วันนี้โรงเรียนเปิดไหม', 'question4', 1, '2024-02-18 17:07:12'),
('7d2462f2-c4c1-11ee-8b48-1c1bb5362338', 'Ucf7ae53387c4320036661c31f24ee938', NULL, 'สมัครเรียนว่ายน้ำช่วงไหนคะ', 'question', 1, '2024-02-06 15:09:48'),
('7dbecc36-ca73-11ee-8e32-1c1bb5362338', 'Ucf7ae53387c4320036661c31f24ee938', NULL, 'g', 'negative', 1, '2024-02-13 20:27:01'),
('7f35bfec-ca6e-11ee-8e32-1c1bb5362338', 'Ucf7ae53387c4320036661c31f24ee938', NULL, 'อยากกกินไก่', 'positive', 1, '2024-02-13 19:51:16'),
('7f441564-c401-11ee-bffe-1c1bb5362338', 'U219d0075bc6246b5814302c158c160e2', NULL, 'สหกรณ์เปิดวันไหนบ้าง', 'question', 1, '2024-02-05 15:35:20'),
('82917c71-c401-11ee-bffe-1c1bb5362338', 'Ucf7ae53387c4320036661c31f24ee938', NULL, 'รร.มีหลักสูตรอะไรบ้างคะ', 'negative', 1, '2024-02-05 15:35:25'),
('8314754b-c4c5-11ee-8b48-1c1bb5362338', 'Ucf7ae53387c4320036661c31f24ee938', NULL, 'รร น่าอยู่มากเลยค่ะ สะอาดมากๆ', 'negative', 1, '2024-02-06 15:38:36'),
('845b3ee0-c5c5-11ee-bdbc-1c1bb5362338', 'Ucf7ae53387c4320036661c31f24ee938', NULL, 'สมัครเรียนหน่อยค่ะ', 'question', 1, '2024-02-07 21:31:01'),
('85827b06-ca6e-11ee-8e32-1c1bb5362338', 'Ucf7ae53387c4320036661c31f24ee938', NULL, 'ไก่', 'positive', 1, '2024-02-13 19:51:27'),
('86fa30e0-c5c5-11ee-bdbc-1c1bb5362338', 'Ucf7ae53387c4320036661c31f24ee938', NULL, '1', 'question', 1, '2024-02-07 21:31:05'),
('87fc73eb-c4b4-11ee-8b48-1c1bb5362338', 'U1141ccb03e163117769f66b855e5b0ef', NULL, '1', 'question', 1, '2024-02-06 12:56:54'),
('8a546a04-ca6d-11ee-8e32-1c1bb5362338', 'Ucf7ae53387c4320036661c31f24ee938', NULL, 'asdasd', 'negative', 1, '2024-02-13 19:44:25'),
('8a61bd6e-ca73-11ee-8e32-1c1bb5362338', 'Ucf7ae53387c4320036661c31f24ee938', NULL, 'f', 'negative', 1, '2024-02-13 20:27:22'),
('8ab4cf21-c5c5-11ee-bdbc-1c1bb5362338', 'Ucf7ae53387c4320036661c31f24ee938', NULL, '2', 'question', 1, '2024-02-07 21:31:12'),
('8b3ed366-ca71-11ee-8e32-1c1bb5362338', 'Ucf7ae53387c4320036661c31f24ee938', NULL, ';', 'negative', 1, '2024-02-13 20:13:05'),
('8b9e648a-c4c5-11ee-8b48-1c1bb5362338', 'Ucf7ae53387c4320036661c31f24ee938', NULL, 'รร สะอาดมากเลยค่ะ', 'negative', 1, '2024-02-06 15:38:50'),
('8e1ed5a3-c401-11ee-bffe-1c1bb5362338', 'U219d0075bc6246b5814302c158c160e2', NULL, 'อยากซื้อชุดนักเรียนให้ลูกค่ะซื้อได้ที่ไหน', 'question', 1, '2024-02-05 15:35:45'),
('8e8a9171-ce40-11ee-86b1-1c1bb5362338', 'U219d0075bc6246b5814302c158c160e2', NULL, 'เสื้อขายที่ไหน', 'negative', 1, '2024-02-18 16:31:55'),
('922b8494-be0d-11ee-bac5-1c1bb5362338', 'Ucf7ae53387c4320036661c31f24ee938', NULL, 'ขอตารางเรียนหน่อยค่ะ', 'question', 1, '2024-01-29 01:46:39'),
('9287a74f-ce4a-11ee-86b1-1c1bb5362338', 'U219d0075bc6246b5814302c158c160e2', NULL, 'ห้องนำ้สกปก', 'question1', 1, '2024-02-18 17:43:37'),
('92c6ceb1-c4c5-11ee-8b48-1c1bb5362338', 'Ucf7ae53387c4320036661c31f24ee938', NULL, 'รร สวยจังเลยค่ะ', 'positive', 1, '2024-02-06 15:39:02'),
('933706ae-c963-11ee-a97d-1c1bb5362338', 'Ucf7ae53387c4320036661c31f24ee938', NULL, 'จ่ายค่าเทอม', 'question', 1, '2024-02-12 12:00:00'),
('94aaaf6b-ca71-11ee-8e32-1c1bb5362338', 'Ucf7ae53387c4320036661c31f24ee938', NULL, ';', 'negative', 1, '2024-02-13 20:13:21'),
('94bb9a92-c63d-11ee-928f-1c1bb5362338', 'Ucf7ae53387c4320036661c31f24ee938', NULL, 'สมัคร รด ยังไงคะ', 'question', 1, '2024-02-08 11:50:28'),
('94be1754-ca6e-11ee-8e32-1c1bb5362338', 'Ucf7ae53387c4320036661c31f24ee938', NULL, 'ไก่', 'positive', 1, '2024-02-13 19:51:52'),
('9681e50e-c401-11ee-bffe-1c1bb5362338', 'U219d0075bc6246b5814302c158c160e2', NULL, 'โรงเรียนเปิดมั้ย', 'question', 1, '2024-02-05 15:35:59'),
('98e0a21d-c4c1-11ee-8b48-1c1bb5362338', 'Ucf7ae53387c4320036661c31f24ee938', NULL, 'สมัครเรียนว่ายน้ำช่วงไหนคะ', 'question', 1, '2024-02-06 15:10:35'),
('9b53fe86-ce4a-11ee-86b1-1c1bb5362338', 'U219d0075bc6246b5814302c158c160e2', NULL, 'ห้องนำ้สวยมากๆ', 'question1', 1, '2024-02-18 17:43:52'),
('9d7f73fd-c401-11ee-bffe-1c1bb5362338', 'Ucf7ae53387c4320036661c31f24ee938', NULL, 'สมัครเรียนว่ายน้ำช่วงไหนคะ', 'question', 1, '2024-02-05 15:36:11'),
('a094568c-c401-11ee-bffe-1c1bb5362338', 'U219d0075bc6246b5814302c158c160e2', NULL, 'ห้องนำ้สกปรกมากๆ', 'negative', 1, '2024-02-05 15:36:16'),
('a12187fb-c4b4-11ee-8b48-1c1bb5362338', 'U1141ccb03e163117769f66b855e5b0ef', NULL, 'อาหาร', 'positive', 1, '2024-02-06 12:57:37'),
('a2006cd8-cb06-11ee-b6cc-1c1bb5362338', 'U1141ccb03e163117769f66b855e5b0ef', NULL, 'สมัครว่ายน้ำ', 'question', 1, '2024-02-14 13:59:44'),
('a4dce288-ca70-11ee-8e32-1c1bb5362338', 'Ucf7ae53387c4320036661c31f24ee938', NULL, 's', 'negative', 1, '2024-02-13 20:06:38'),
('a5b91312-c5ca-11ee-bdbc-1c1bb5362338', 'Ucf7ae53387c4320036661c31f24ee938', NULL, 'ขอตารางเรียน', 'question', 1, '2024-02-07 22:07:44'),
('a744adbc-ca6d-11ee-8e32-1c1bb5362338', 'Ucf7ae53387c4320036661c31f24ee938', NULL, 'EIEI', 'negative', 1, '2024-02-13 19:45:14'),
('a7685664-ca70-11ee-8e32-1c1bb5362338', 'Ucf7ae53387c4320036661c31f24ee938', NULL, ';', 'negative', 1, '2024-02-13 20:06:43'),
('a8025e66-ce4a-11ee-86b1-1c1bb5362338', 'U219d0075bc6246b5814302c158c160e2', NULL, 'โรงเรียนห้องรำ้แย่มากค่ะ', 'question0', 1, '2024-02-18 17:44:13'),
('a80b1ed9-c5ca-11ee-bdbc-1c1bb5362338', 'Ucf7ae53387c4320036661c31f24ee938', NULL, '1', 'question', 1, '2024-02-07 22:07:48'),
('aa2a5368-ca72-11ee-8e32-1c1bb5362338', 'Ucf7ae53387c4320036661c31f24ee938', NULL, 'asdasd', 'negative', 1, '2024-02-13 20:21:06'),
('ab75f603-c401-11ee-bffe-1c1bb5362338', 'U219d0075bc6246b5814302c158c160e2', NULL, 'ที่จอดรถเต็มตลอดเลยรบกวนแก้ด้วย', 'negative', 1, '2024-02-05 15:36:34'),
('ad394a12-c97a-11ee-a97d-1c1bb5362338', 'Ucf7ae53387c4320036661c31f24ee938', NULL, 'จ่ายค่าเทอม', 'question', 1, '2024-02-12 14:45:22'),
('adcea293-c401-11ee-bffe-1c1bb5362338', 'Ucf7ae53387c4320036661c31f24ee938', NULL, 'ม.4 รับสมัครไหม', 'question', 1, '2024-02-05 15:36:38'),
('b0cc94d4-ca6e-11ee-8e32-1c1bb5362338', 'Ucf7ae53387c4320036661c31f24ee938', NULL, 'k', 'positive', 1, '2024-02-13 19:52:39'),
('b15c46c2-c97c-11ee-a97d-1c1bb5362338', 'Ucf7ae53387c4320036661c31f24ee938', NULL, 'จ่ายค่าเทอม', 'question', 1, '2024-02-12 14:59:48'),
('b1e81cee-ce49-11ee-86b1-1c1bb5362338', 'U219d0075bc6246b5814302c158c160e2', NULL, 'วันนี้โรงเรียนเปิดไหม', 'question4', 1, '2024-02-18 17:37:20'),
('b2027c74-c5c5-11ee-bdbc-1c1bb5362338', 'Ucf7ae53387c4320036661c31f24ee938', NULL, 'ขอตารางเรียนเทอมนี้หน่อยค่ะ', 'question', 1, '2024-02-07 21:32:18'),
('b287cda9-c981-11ee-a97d-1c1bb5362338', 'Ucf7ae53387c4320036661c31f24ee938', NULL, 'ขอตารางเรียนหน่อยคะะะะะะะะะะะะะ', 'question', 1, '2024-02-12 15:35:37'),
('b454ad8c-c5c5-11ee-bdbc-1c1bb5362338', 'Ucf7ae53387c4320036661c31f24ee938', NULL, '1', 'question', 1, '2024-02-07 21:32:21'),
('b6c439a7-c401-11ee-bffe-1c1bb5362338', 'Ucf7ae53387c4320036661c31f24ee938', NULL, 'ชำระค่าเทอมยังไงคะ', 'question', 1, '2024-02-05 15:36:53'),
('b72083b9-c401-11ee-bffe-1c1bb5362338', 'U219d0075bc6246b5814302c158c160e2', NULL, 'คุณครูสอนดีมากๆชมครับ', 'positive', 1, '2024-02-05 15:36:54'),
('b79e8df5-ce40-11ee-86b1-1c1bb5362338', 'U219d0075bc6246b5814302c158c160e2', NULL, 'เสื้อขายที่ไหน', 'negative', 1, '2024-02-18 16:33:04'),
('b8b1d1b9-ca6e-11ee-8e32-1c1bb5362338', 'Ucf7ae53387c4320036661c31f24ee938', NULL, 'ว', 'negative', 1, '2024-02-13 19:52:53'),
('b9b714a9-ca72-11ee-8e32-1c1bb5362338', 'Ucf7ae53387c4320036661c31f24ee938', NULL, 'ss', 'negative', 1, '2024-02-13 20:21:32'),
('bacc985b-c5c5-11ee-bdbc-1c1bb5362338', 'Ucf7ae53387c4320036661c31f24ee938', NULL, '2', 'question', 1, '2024-02-07 21:32:32'),
('bd5432ca-cbd7-11ee-9820-1c1bb5362338', 'Ucf7ae53387c4320036661c31f24ee938', NULL, 'สมัครเรียนว่ายน้ำหน่อยค่ะ', 'question', 1, '2024-02-15 14:57:27'),
('bee34df2-ca72-11ee-8e32-1c1bb5362338', 'Ucf7ae53387c4320036661c31f24ee938', NULL, '1', 'question', 1, '2024-02-13 20:21:41'),
('bf03d1c5-c63a-11ee-928f-1c1bb5362338', 'Ucf7ae53387c4320036661c31f24ee938', NULL, 'สมัคร รด ยังไงคะ', 'question', 1, '2024-02-08 11:30:11'),
('c189c4e6-cbce-11ee-9820-1c1bb5362338', 'Ucf7ae53387c4320036661c31f24ee938', NULL, 'hi', 'negative', 1, '2024-02-15 13:52:16'),
('c6fc6ccb-cbc9-11ee-9820-1c1bb5362338', 'Ucf7ae53387c4320036661c31f24ee938', NULL, 'สวัสดี', 'negative', 1, '2024-02-15 13:16:38'),
('c7318c55-c981-11ee-a97d-1c1bb5362338', 'Ucf7ae53387c4320036661c31f24ee938', NULL, '1', 'question', 1, '2024-02-12 15:36:12'),
('c8e7aa06-c97c-11ee-a97d-1c1bb5362338', 'Ucf7ae53387c4320036661c31f24ee938', NULL, 'จ่ายค่าเทอม', 'question', 1, '2024-02-12 15:00:27'),
('ca348155-cb05-11ee-b6cc-1c1bb5362338', 'Ucf7ae53387c4320036661c31f24ee938', NULL, 'sdvjsjvldsjvldsjv;sdfdg', 'negative', 1, '2024-02-14 13:53:42'),
('cdfb36be-ca70-11ee-8e32-1c1bb5362338', 'Ucf7ae53387c4320036661c31f24ee938', NULL, ';l', 'negative', 1, '2024-02-13 20:07:47'),
('cef8f004-ca6d-11ee-8e32-1c1bb5362338', 'Ucf7ae53387c4320036661c31f24ee938', NULL, 'h', 'negative', 1, '2024-02-13 19:46:20'),
('d1a57e96-c97d-11ee-a97d-1c1bb5362338', 'Ucf7ae53387c4320036661c31f24ee938', NULL, 'ขอตารางเรียนหน่อยคะ', 'question', 1, '2024-02-12 15:07:52'),
('d311a0cb-cb04-11ee-b6cc-1c1bb5362338', 'Ucf7ae53387c4320036661c31f24ee938', NULL, 'dkvjkldvj;ldv', 'negative', 1, '2024-02-14 13:46:47'),
('d39c2f89-c4bf-11ee-8b48-1c1bb5362338', 'Ucf7ae53387c4320036661c31f24ee938', NULL, 'สมัครเรียนว่ายน้ำช่วงไหนคะ', 'question', 1, '2024-02-06 14:57:54'),
('d8602107-c97c-11ee-a97d-1c1bb5362338', 'Ucf7ae53387c4320036661c31f24ee938', NULL, 'จ่ายค่าเทอม', 'question', 1, '2024-02-12 15:00:53'),
('e4daf620-c4ac-11ee-8b48-1c1bb5362338', 'Ucf7ae53387c4320036661c31f24ee938', NULL, ' วันนี้มีเมนูอะไรกินคะ', 'negative', 1, '2024-02-06 12:02:14'),
('e79a3367-c5aa-11ee-a706-1c1bb5362338', 'Ucf7ae53387c4320036661c31f24ee938', NULL, 'สมัครเรียนว่ายน้ำช่วงไหนคะ', 'question', 1, '2024-02-07 18:20:31'),
('e8c6acd1-c5c4-11ee-bdbc-1c1bb5362338', 'Ucf7ae53387c4320036661c31f24ee938', NULL, 'สมัครเรียนหน่อยค่ะ', 'question', 1, '2024-02-07 21:26:40'),
('eab81944-c5aa-11ee-a706-1c1bb5362338', 'Ucf7ae53387c4320036661c31f24ee938', NULL, '1', 'question', 1, '2024-02-07 18:20:36'),
('eb44dba2-c5c4-11ee-bdbc-1c1bb5362338', 'Ucf7ae53387c4320036661c31f24ee938', NULL, '1', 'question', 1, '2024-02-07 21:26:44'),
('ebfbeb43-c97d-11ee-a97d-1c1bb5362338', 'Ucf7ae53387c4320036661c31f24ee938', NULL, 'ขอตารางเรียนหน่อยคะ', 'question', 1, '2024-02-12 15:08:36'),
('ee382fd7-c5c8-11ee-bdbc-1c1bb5362338', 'Ucf7ae53387c4320036661c31f24ee938', NULL, 'สมัครเรียนหน่อยค่ะ', 'question', 1, '2024-02-07 21:55:27'),
('f54a5188-c63c-11ee-928f-1c1bb5362338', 'Ucf7ae53387c4320036661c31f24ee938', NULL, 'สมัคร รด ยังไงคะ', 'question', 1, '2024-02-08 11:46:01'),
('f67d0a59-c97c-11ee-a97d-1c1bb5362338', 'Ucf7ae53387c4320036661c31f24ee938', NULL, 'ขอตารางเรียนหน่อยคะ', 'question', 1, '2024-02-12 15:01:44'),
('f7f577da-c63a-11ee-928f-1c1bb5362338', 'Ucf7ae53387c4320036661c31f24ee938', NULL, 'สมัคร รด ยังไงคะ', 'question', 1, '2024-02-08 11:31:46'),
('f9332443-c648-11ee-928f-1c1bb5362338', 'Ucf7ae53387c4320036661c31f24ee938', NULL, 'จ่ายค่าเทอม', 'question', 1, '2024-02-08 13:12:01'),
('f9715b4d-c5ab-11ee-a706-1c1bb5362338', 'Ucf7ae53387c4320036661c31f24ee938', NULL, 'สมัครเรียนว่ายน้ำช่วงไหนคะ', 'question', 1, '2024-02-07 18:28:11'),
('fbf8c3f1-c63b-11ee-928f-1c1bb5362338', 'Ucf7ae53387c4320036661c31f24ee938', NULL, 'สมัคร รด ยังไงคะ', 'question', 1, '2024-02-08 11:39:02'),
('fc21b3c2-cbd8-11ee-9820-1c1bb5362338', 'Ucf7ae53387c4320036661c31f24ee938', NULL, ' ขอตารางเรียนหน่อยค่ะ', 'question', 1, '2024-02-15 15:06:22'),
('ffae7e76-ce49-11ee-86b1-1c1bb5362338', 'U219d0075bc6246b5814302c158c160e2', NULL, 'วันนี้โรงเรียนเปิดไหม', 'question4', 1, '2024-02-18 17:39:31');

-- --------------------------------------------------------

--
-- Table structure for table `cpw_agency`
--

CREATE TABLE `cpw_agency` (
  `agency_id` int(10) NOT NULL,
  `agency_name` varchar(20) NOT NULL,
  `username` varchar(20) DEFAULT NULL
) ENGINE=InnoDB DEFAULT CHARSET=utf8 COLLATE=utf8_general_ci;

--
-- Dumping data for table `cpw_agency`
--

INSERT INTO `cpw_agency` (`agency_id`, `agency_name`, `username`) VALUES
(1, 'วิชาการ', NULL),
(2, 'โภชนาการ', NULL),
(3, 'ฝ่ายปกครอง', NULL),
(4, 'ธุรการ', NULL),
(5, 'บริการ', NULL),
(6, 'ผู้ดูแลระบบ', NULL),
(7, 'ผู้บริหาร', NULL);

-- --------------------------------------------------------

--
-- Table structure for table `cpw_faq`
--

CREATE TABLE `cpw_faq` (
  `faq_id` int(10) NOT NULL,
  `faq_question` varchar(255) NOT NULL,
  `faq_answer` varchar(255) NOT NULL,
  `agency_id` int(10) DEFAULT NULL
) ENGINE=InnoDB DEFAULT CHARSET=utf8 COLLATE=utf8_general_ci;

--
-- Dumping data for table `cpw_faq`
--

INSERT INTO `cpw_faq` (`faq_id`, `faq_question`, `faq_answer`, `agency_id`) VALUES
(1, 'ติดต่อสอบถามโภชนาการ', 'ติดต่อครัวชลประทาน 02 583 4047\r\nโภชนาการ 1 ต่อ 133\r\nโภชนาการ 2 ต่อ 620\r\nโครงการโรงอาหาร 810', 2),
(2, 'ติดต่อสหกรณ์โรงเรียน', 'เบอร์สหกรณ์โรงเรียน 02 583 4047', 2),
(3, 'ตารางเรียนเทอมนี้', 'ส่งลิงก์ตารางเรียน', 1),
(4, 'ตารางเรียนนักเรียนระดับชั้น ประถมศึกษาตอนต้น (ป.1 - ป.3)', 'ส่งลิงก์', 1),
(5, 'ตารางเรียนนักเรียนระดับชั้น ประถมศึกษาตอนต้น (ป.4 - ป.6)', 'ส่งลิงก์', 1),
(6, 'ตารางเรียนนักเรียนระดับชั้น มัธยมศึกษาตอนต้น (ม.1 - ม.3)', 'ส่งลิงก์', 1),
(7, 'ตารางเรียนนักเรียนระดับชั้น มัธยมศึกษาตอนปลายสายวิทย์ (ม.4 - ม.6)', 'ส่งลิงก์', 1),
(8, 'ตารางเรียนนักเรียนระดับชั้น มัธยมศึกษาตอนปลายสายศิลป์ (ม.4 - ม.6)', 'ส่งลิงก์', 1),
(9, 'ตารางเรียนนักเรียนระดับชั้น มัธยมศึกษาตอนปลายสายศิลป์ภาษา (ม.4 - ม.6)', 'ส่งลิงก์', 1),
(10, 'สอบถามหลักสูตร โครงการพิเศษ', 'ส่งลิงก์', 1),
(11, 'สอบถามหลักสูตร English Program', 'จัดการเรียนตามหลักสูตรแกนกลางขั้นพื้นฐาน พุทธศักราช 2551 และหลักสูตรสถานศึกษาโรงเรียนชลประทานวิทยา ระดับชั้นประถมศึกษาตอนต้น โดยจัดการเรียนการสอนในวิชาภาษาอังกฤษอย่างเข้มข้นรวมวิชาภาษาอังกฤษ 9 คาบ/สัปดาห์ ** ครูผู้สอนเป็นชาวต่างชาติ (Native Speaker)   9 ค', 1),
(12, 'สอบถามรายละเอียดวิชาว่ายน้ำ', 'ส่งลิงก์', 1),
(14, 'รายละเอียดโครงการเสริมพิเศษวิทยาศาสตร์และคณิตศาสตร์ : ESMP', '\"จัดการเรียนการสอนตามหลักสูตรแกนกลางการศึกษาขั้นพื้นฐาน พุทธศักราช 2551 โดยเพิ่มวิชาภาษาอังกฤษอย่างเข้มข้น และจัดสอนรายวิชาเพิ่มเติมตามแนวทางของ สสวท. ด้านวิทยาศาสตร์ คณิตศาสตร์  วิศวกรรมและเทคโนโลยี รายวิชาเพิ่มพูนประสบการณ์และ / หรือ รายวิชาเพิ่มเติมเรี', 1),
(15, 'โครงการห้องเรียนพิเศษ English Chonprathanwittaya', '\"จัดการเรียนตามหลักสูตรแกนกลางขั้นพื้นฐาน พุทธศักราช 2551 และหลักสูตรสถานศึกษาโรงเรียนชลประทานวิทยา ระดับชั้นประถมศึกษาตอนต้น โดยจัดการเรียนการสอนในวิชาภาษาอังกฤษอย่างเข้มข้นรวมวิชาภาษาอังกฤษ 9 คาบ/สัปดาห์ ** ครูผู้สอนเป็นชาวต่างชาติ (Native Speaker)   9 ', 1),
(19, 'สอบถามเรื่องระเบียบการเเต่งการของนักเรียน', 'ส่งลิงก์', 3),
(20, 'ติดต่อครูฝ่ายปกครอง', 'เบอร์ครูเอก / เบอร์ครูหนุ่ม', 3),
(21, 'สอบถามเรื่องระเบียบการเเต่งการของนักเรียน', 'ส่งลิงก์', 3),
(22, 'ติดต่อครูฝ่ายปกครอง', 'เบอร์ครูเอก / เบอร์ครูหนุ่ม', 3),
(23, 'ติดต่อหน่วยงานนักศึกษาวิชาทหาร ชปว', 'เบอร์ครูเอก / เบอร์ครูเบิร์ด', 3),
(24, 'ติดต่อคณะกรรมการนักเรียน ชปว', 'Facebook: https://web.facebook.com/leaderofcpw', 3),
(25, 'ขั้นตอนการชำระเงินของโรงเรียน', 'แอปชำระเงินของโรงเรียน', 4),
(26, 'ค่าเทอมนักเรียน อนุบาล', 'ส่งลิงก์', 4),
(27, 'ค่าเทอมนักเรียน ประถม', 'ส่งลิงก์', 4),
(28, 'ค่าเทอมนักเรียน มัธยม', 'ส่งลิงก์', 4),
(29, 'ประกาศรับสมัครครูโรงเรียนชลประทานวิทยา', 'ส่งลิงก์', 5),
(30, 'ประกาศรับสมัครพนักงานโรงเรียนชลประทานวิทยา', 'ส่งลิงก์', 5),
(31, 'ติดต่อศูนย์สารสนเทศ', 'เบอร์ติดต่อศูนย์สารสนเทศ', 5),
(32, 'เวลาทำการของโรงเรียนชลประทานวิทยา', 'เปิดวันจันทร์ - ศุกร์ 06:30 น. - 18:00 น. ', 5),
(33, 'ตำแหน่งที่ตั้งของโรงเรียนชลประทานวิทยา', 'ที่อยู่: 201 หมู่ที่ 1 ถ. ติวานนท์ ตำบลบางตลาด อำเภอปากเกร็ด นนทบุรี 11120', 5),
(34, 'ติดต่อโรงเรียนชลประทานวิทยา', 'โทรศัพท์: 02 583 4047', 5),
(36, 'รายละเอียดอาหารประจำวัน', 'ส่งลิงก์', 2);

-- --------------------------------------------------------

--
-- Table structure for table `cpw_user`
--

CREATE TABLE `cpw_user` (
  `userID` int(20) NOT NULL,
  `username` varchar(20) NOT NULL,
  `user_name` varchar(30) NOT NULL,
  `agency_id` int(10) DEFAULT NULL,
  `profilepic` blob DEFAULT NULL
) ENGINE=InnoDB DEFAULT CHARSET=utf8 COLLATE=utf8_general_ci;

--
-- Dumping data for table `cpw_user`
--

INSERT INTO `cpw_user` (`userID`, `username`, `user_name`, `agency_id`, `profilepic`) VALUES
(1, '12345', 'สวัสดีฉันชื่อดอลล่า', 6, NULL),
(2, '20010', 'นายทนางศักดิ์ อ่อนน้อม', 6, NULL),
(3, '6204062636163', 'นายพงศฑล ทะโทน', 1, NULL),
(4, '22022', 'นายมงคล เปิดประตูให้หน่อย', 6, NULL),
(12, '292191', 'เอสเจเมพขิงๆ', 1, NULL),
(13, '202002', 'แอดมินโภชนาการ', 1, NULL),
(14, '202002', 'แอดมินฝ่ายปกครอง', 3, NULL),
(17, '365', 'ใครรักใครขอให้แต่งงานกัน', 7, NULL),
(18, '25280', 'นางสาวพาทินธิดา นามอยู่', 2, NULL),
(19, '25280', 'นางสาวพาทินธิดา นามอยู่', 2, NULL),
(20, '29218', 'นางสาวธนพร เงินมี', 2, NULL),
(21, '2921822', 'ร้อยเอกอนุวัฒน์', 2, NULL),
(22, '294335', 'ส่งลิงก์', 2, NULL),
(23, '112334', 'พลเอก ซีซ่า', 2, NULL),
(24, ' 202003', 'แอดมินฝ่ายปกคราองอีกคน', 2, NULL),
(26, '081968', 'Peter Parker', 7, NULL),
(27, '2002007', 'แอดมิน ผู้บริหาร', 7, NULL),
(28, '2002001', 'แอดมิน ฝ่ายวิชาการ', 7, NULL),
(29, '2002001', 'แอดมิน ของฝ่ายวิชาการ', 1, NULL),
(30, '2002002', 'แอดมิน โภชนาการ', 2, NULL),
(31, '2002003', 'ครูเบิร์ด เซนไต', 3, NULL),
(32, '2002004', 'ผู้ดูแล ฝ่ายธุรการและบัญชี', 4, NULL),
(33, '2002005', 'ครูแอร์คนสวย', 4, NULL),
(34, '2002005', 'ครูแอร์คนสวย', 5, NULL),
(9999, 'LineBot', 'CpwChatBot', 6, NULL);

-- --------------------------------------------------------

--
-- Table structure for table `message`
--

CREATE TABLE `message` (
  `message_id` int(10) NOT NULL,
  `date` datetime NOT NULL DEFAULT current_timestamp(),
  `recive_text` varchar(100) DEFAULT NULL,
  `message_type` varchar(255) DEFAULT NULL,
  `contactor` varchar(50) DEFAULT NULL,
  `reply` int(10) DEFAULT NULL
) ENGINE=InnoDB DEFAULT CHARSET=utf8 COLLATE=utf8_general_ci;

--
-- Dumping data for table `message`
--

INSERT INTO `message` (`message_id`, `date`, `recive_text`, `message_type`, `contactor`, `reply`) VALUES
(1, '2024-01-11 23:29:16', 'Hello', '1', NULL, NULL),
(2, '2024-01-20 15:37:25', 'ถามไปก็ไม่เคยมาอ่านหรือตอบ แย่มาก', '', NULL, 1),
(3, '2024-01-20 15:40:58', 'อาหารสัปดาห์นี้มายังค่ะ', '', NULL, 1),
(4, '2024-01-20 15:49:13', 'อาหารสัปดาห์นี้มายังค่ะ', '', NULL, 1),
(5, '2024-01-20 22:22:21', 'sdfsdfsf', 'eiei', NULL, 1),
(6, '2024-01-20 22:27:06', 'sdfsdfsf', '1', NULL, 1),
(7, '2024-01-20 22:37:30', 'รร สะอาดมากเลยค่ะ', 'negative', NULL, 1),
(8, '2024-01-20 22:37:30', 'รร สะอาดมากเลยค่ะ', 'ขอบคุณสำหรับคำแนะนำค่ะ ทางโรงเรียนชลประทานวิทยาจะดำเนินการแจ้งให้กับหน่วยงานที่เกี่ยวข้องได้รับทราบค่ะ', NULL, 1),
(9, '2024-01-20 22:46:04', 'อยากกลับบ้าน', 'positive', NULL, 1),
(10, '2024-01-20 22:46:26', 'ค่าเทอม', 'question', NULL, 1),
(11, '2024-01-20 22:47:10', 'ห้องน้ำอยู่ไหน', 'negative', NULL, 1),
(12, '2024-01-20 22:59:06', 'ห้องน้ำอยู่ไหน', 'negative', NULL, 1),
(13, '2024-01-20 22:59:24', 'ค่าเทอม', 'question', NULL, 1),
(14, '2024-01-20 22:59:47', 'ดีใจจัง', 'negative', NULL, 1),
(15, '2024-01-20 23:00:03', 'ดีใจด้วย', 'positive', NULL, 1),
(16, '2024-01-20 23:05:45', 'ห้องน้ำอยู่ไหน', 'negative', NULL, 1),
(17, '2024-01-20 23:22:02', 'อยากกลับบ้าน', 'positive', NULL, 1),
(18, '2024-01-20 23:25:04', 'ะมึอยากกลับบ้าน', 'positive', NULL, 1),
(19, '2024-01-20 23:25:34', 'เรฃอยากกลับบ้าน', 'positive', NULL, 1),
(20, '2024-01-20 23:26:50', '่', 'negative', NULL, 1),
(21, '2024-01-20 23:29:39', 'พวคอยากกลับบ้าน', 'positive', 'Pang', 1),
(22, '2024-01-20 23:30:25', 'จาหวัดดี', 'positive', 'Deer', 1),
(23, '2024-01-20 23:35:34', 'สพสพสช', 'negative', 'Deer', 1),
(24, '2024-01-20 23:35:35', 'มกมกมชชช', 'negative', 'Deer', 1),
(25, '2024-01-20 23:35:38', 'โหลลลๆๆๆ', 'negative', 'Deer', 1),
(26, '2024-01-20 23:35:39', 'เี', 'negative', 'Deer', 1),
(27, '2024-01-20 23:35:42', 'สงสัยค่ะขอถาม', 'positive', 'Deer', 1),
(28, '2024-01-20 23:59:32', 'ปิ้วๆๆๆ', 'negative', 'Deer', 1),
(29, '2024-01-20 23:59:56', 'ชิโน๊ะสุเกะะะะะ', 'negative', 'Deer', 1),
(30, '2024-01-21 00:00:08', 'อู้หูว', 'negative', 'Deer', 1),
(31, '2024-01-21 00:00:30', 'พรุ่งนี้หวยออกมั้ย', 'positive', 'Deer', 1),
(32, '2024-01-21 00:00:54', 'พ่อแท่จะมาหา', 'negative', 'Deer', 1),
(33, '2024-01-21 00:01:03', 'พ่อแม่จะมาหา', 'question', 'Deer', 1),
(34, '2024-01-21 00:01:11', 'พ่อแม่', 'question', 'Deer', 1),
(35, '2024-01-21 00:01:19', 'เล่นพ่อแม่ลูกกัน', 'positive', 'Deer', 1),
(36, '2024-01-21 00:01:52', 'สวัสเี', 'negative', 'Deer', 1),
(37, '2024-01-21 00:03:40', 'สวัสดี', 'Greeting', 'Deer', 1),
(38, '2024-01-21 00:05:33', 'สวัสดีค่ะ', 'Greeting', 'Pang', 1),
(39, '2024-01-21 00:05:59', 'สวัสดีครับ', 'Greeting', 'Pang', 1),
(40, '2024-01-21 00:06:12', 'สวัสดีค่า', 'Greeting', 'Pang', 1),
(41, '2024-01-21 00:06:22', 'สวัสดีฮ้าบบบ', 'Greeting', 'Pang', 1),
(42, '2024-01-21 00:06:36', 'ดีจ้า', 'negative', 'Pang', 1),
(43, '2024-01-22 16:20:15', 'สมัครภาค  ep หน่อยค่ะ', 'question', 'Pang', 1),
(44, '2024-01-22 18:11:16', 'สหกรณ์', 'question', 'Pang', 1),
(45, '2024-01-22 18:44:49', 'สวัสดีครับอยากจัดกิจกรรมภายในโรงเรียนสามารถติดต่อได้ที่ไหน', 'Greeting', 'Pang', 1),
(46, '2024-01-22 18:47:30', 'จะจัดกิจกรรมภายในโรงเรียนมีค่าใช้จ่ายอะไรบ้าง', 'question', 'Pang', 1);

-- --------------------------------------------------------

--
-- Table structure for table `sub_answer`
--

CREATE TABLE `sub_answer` (
  `s_answer_id` varchar(255) NOT NULL,
  `answer` varchar(500) NOT NULL,
  `sub_type` varchar(255) DEFAULT NULL
) ENGINE=InnoDB DEFAULT CHARSET=utf8 COLLATE=utf8_general_ci;

--
-- Dumping data for table `sub_answer`
--

INSERT INTO `sub_answer` (`s_answer_id`, `answer`, `sub_type`) VALUES
('129a6c0a-cbd3-11ee-9820-1c1bb5362338', 'คุณต้องการติดต่อบริการด้านอะไร 1.เมนูอาหารกลางวันประจำสัปดาห์ 2.สหกรณ์โรงเรียนชลประทานวิทยา 3.อื่นๆ ติดต่อสอบถามเพิ่มเติม', 'ศูนย์วัสดุอุปกรณ์เพื่อการศึกษา (สหกรณ์โรงเรียนชลประทานวิทยา) เปิดทำการจำหน่ายวัสดุ-อุปกรณ์การเรียนของนักเรียน ในวันเสาร์ที่ 13 พฤษภาคม พ.ศ. 2560 เวลา 8.30-15.30 น.');

--
-- Indexes for dumped tables
--

--
-- Indexes for table `admin_message`
--
ALTER TABLE `admin_message`
  ADD PRIMARY KEY (`a_message_id`),
  ADD KEY `c_id` (`c_id`);

--
-- Indexes for table `answer_question`
--
ALTER TABLE `answer_question`
  ADD PRIMARY KEY (`answer_question_id`);

--
-- Indexes for table `contacter`
--
ALTER TABLE `contacter`
  ADD PRIMARY KEY (`c_id`);

--
-- Indexes for table `contacter_message`
--
ALTER TABLE `contacter_message`
  ADD PRIMARY KEY (`message_id`),
  ADD KEY `agency_id` (`agency_id`),
  ADD KEY `c_id` (`c_id`);

--
-- Indexes for table `cpw_agency`
--
ALTER TABLE `cpw_agency`
  ADD PRIMARY KEY (`agency_id`);

--
-- Indexes for table `cpw_faq`
--
ALTER TABLE `cpw_faq`
  ADD PRIMARY KEY (`faq_id`),
  ADD KEY `agency_id` (`agency_id`);

--
-- Indexes for table `cpw_user`
--
ALTER TABLE `cpw_user`
  ADD PRIMARY KEY (`userID`),
  ADD KEY `agency_id` (`agency_id`);

--
-- Indexes for table `message`
--
ALTER TABLE `message`
  ADD PRIMARY KEY (`message_id`);

--
-- Indexes for table `sub_answer`
--
ALTER TABLE `sub_answer`
  ADD PRIMARY KEY (`s_answer_id`);

--
-- AUTO_INCREMENT for dumped tables
--

--
-- AUTO_INCREMENT for table `cpw_faq`
--
ALTER TABLE `cpw_faq`
  MODIFY `faq_id` int(10) NOT NULL AUTO_INCREMENT, AUTO_INCREMENT=37;

--
-- AUTO_INCREMENT for table `cpw_user`
--
ALTER TABLE `cpw_user`
  MODIFY `userID` int(20) NOT NULL AUTO_INCREMENT, AUTO_INCREMENT=10000;

--
-- AUTO_INCREMENT for table `message`
--
ALTER TABLE `message`
  MODIFY `message_id` int(10) NOT NULL AUTO_INCREMENT, AUTO_INCREMENT=47;

--
-- Constraints for dumped tables
--

--
-- Constraints for table `admin_message`
--
ALTER TABLE `admin_message`
  ADD CONSTRAINT `admin_message_ibfk_1` FOREIGN KEY (`c_id`) REFERENCES `contacter` (`c_id`);

--
-- Constraints for table `contacter_message`
--
ALTER TABLE `contacter_message`
  ADD CONSTRAINT `contacter_message_ibfk_1` FOREIGN KEY (`c_id`) REFERENCES `contacter` (`c_id`),
  ADD CONSTRAINT `contacter_message_ibfk_2` FOREIGN KEY (`agency_id`) REFERENCES `cpw_agency` (`agency_id`);

--
-- Constraints for table `cpw_faq`
--
ALTER TABLE `cpw_faq`
  ADD CONSTRAINT `cpw_faq_ibfk_1` FOREIGN KEY (`agency_id`) REFERENCES `cpw_agency` (`agency_id`);

--
-- Constraints for table `cpw_user`
--
ALTER TABLE `cpw_user`
  ADD CONSTRAINT `cpw_user_ibfk_1` FOREIGN KEY (`agency_id`) REFERENCES `cpw_agency` (`agency_id`);
COMMIT;

/*!40101 SET CHARACTER_SET_CLIENT=@OLD_CHARACTER_SET_CLIENT */;
/*!40101 SET CHARACTER_SET_RESULTS=@OLD_CHARACTER_SET_RESULTS */;
/*!40101 SET COLLATION_CONNECTION=@OLD_COLLATION_CONNECTION */;
